Food Name,Sugar,Fat,Sodium,class_name,subclass_name,nova
Amaranth whole grain dry raw,,5.6g,0.003g,CEREAL GRAINS,AMARANTH GRAIN,Unprocessed/Minimally processed foods
Amaranth whole grain dry stewed (without salt),,1.9g,0.003g,CEREAL GRAINS,AMARANTH GRAIN,Unprocessed/Minimally processed foods
Amaranth whole grain flour,,6.3g,0.003g,WHEAT FLOUR,AMARANTH FLOUR,Unprocessed/Minimally processed foods
Biscuit Savoury,,24.9g,0.637g,"COOKIES, BISCUITS AND WAFERS",SAVOURY BISCUITS,Ultra-processed foods
Biscuit Sweet,,17.2g,0.298g,"COOKIES, BISCUITS AND WAFERS",BISCUITS,Ultra-processed foods
Bread Brown,,1.5g,0.446g,BREADS,BROWN BREAD,Processed foods
Bread Sweet,,14.4g,0.369g,BREADS,WHITE BREAD,Processed foods
Bread White,,1.9g,0.466g,BREADS,WHITE BREAD,Processed foods
Breakfast cereal flakes of corn fortified (iron thiamine riboflavin niacin and folate),,0.7g,1.09g,BREAKFAST CEREALS,CORN FLAKE CEREALS,Ultra-processed foods
Breakfast cereal flakes of corn,,0.7g,1.09g,BREAKFAST CEREALS,CORN FLAKE CEREALS,Ultra-processed foods
Breakfast cereal wheat biscuits Weetabix type,,1.9g,0.36g,BREAKFAST CEREALS,WHEAT BISCUIT CEREALS,Ultra-processed foods
Buns Currant,,6.8g,0.1g,BUNS/ROLLS,SWEET BUNS,Ultra-processed foods
Cake or cupcake plain butter cake commercial,,15.3g,0.48g,CAKES,CAKES,Ultra-processed foods
Cake Fruit,,12.3g,0.17g,CAKES,CAKES,Ultra-processed foods
Cake Sponge homemade,,26.7g,0.35g,CAKES,CAKES,Ultra-processed foods
Cake Sponge without fat,,6.3g,0.08g,CAKES,CAKES,Ultra-processed foods
Cakes (Various Fancy Iced),,16.8g,0.25g,CAKES,CAKES,Processed foods
Cornflour from maize starch,,0.4g,0.01g,MAIZE/CORN FLOUR,CORN FLOUR,Unprocessed/Minimally processed foods
Maize grain white variety whole dry raw,,4.5g,0.012g,CEREAL GRAINS,MAIZE GRAIN,Unprocessed/Minimally processed foods
Maize grain white variety whole dry boiled drained (without salt),,1.5g,0.005g,CEREAL GRAINS,MAIZE GRAIN,Unprocessed/Minimally processed foods
Maize grain white variety whole dry stewed (without salt),,1.5g,0.006g,CEREAL GRAINS,MAIZE GRAIN,Unprocessed/Minimally processed foods
Maize grain yellow variety whole dry raw,,3.7g,0.007g,CEREAL GRAINS,MAIZE GRAIN,Unprocessed/Minimally processed foods
Maize grain yellow variety whole dry boiled drained (without salt),,1.2g,0.004g,CEREAL GRAINS,MAIZE GRAIN,Unprocessed/Minimally processed foods
Maize grain yellow variety whole dry stewed drained (without salt),,0.9g,0.004g,CEREAL GRAINS,MAIZE GRAIN,Unprocessed/Minimally processed foods
Maize meal sifted fortified packaged raw,,3g,0.012g,MAIZE/CORN FLOUR,MAIZE FLOUR,Unprocessed/Minimally processed foods
Maize White Degermed (Muthokoi),,1.7g,0.007g,MAIZE/CORN FLOUR,MAIZE FLOUR,Unprocessed/Minimally processed foods
Maize whole flour raw,,4.5g,0.012g,MAIZE/CORN FLOUR,MAIZE FLOUR,Unprocessed/Minimally processed foods
Green Maize white whole grain fresh raw,,2.5g,0.008g,CEREAL GRAINS,MAIZE GRAIN,Unprocessed/Minimally processed foods
Green maize white whole grain fresh boiled drained (without salt),,2.3g,0.006g,CEREAL GRAINS,MAIZE GRAIN,Unprocessed/Minimally processed foods
Green Maize white whole grain fresh stewed (without salt),,3.2g,0.01g,CEREAL GRAINS,MAIZE GRAIN,Unprocessed/Minimally processed foods
Millet bulrush flour,,5.3g,0.004g,PORRIDGE FLOUR,PORRIDGE FLOUR - MILLET,Unprocessed/Minimally processed foods
Millet bulrush grain dry raw,,5.3g,0.004g,CEREAL GRAINS,MILLET GRAIN,Unprocessed/Minimally processed foods
Millet bulrush whole grain dry boiled drained (without salt),,2.2g,0.003g,CEREAL GRAINS,MILLET GRAIN,Unprocessed/Minimally processed foods
Millet bulrush whole grain dry stewed drained (without salt),,2.2g,0.003g,CEREAL GRAINS,MILLET GRAIN,Unprocessed/Minimally processed foods
Millet finger flour,,2g,0.002g,CEREAL GRAINS,MILLET GRAIN,Unprocessed/Minimally processed foods
Millet Finger grain dried raw,,1.9g,0.002g,CEREAL GRAINS,MILLET GRAIN,Unprocessed/Minimally processed foods
Millet Yeast (germinated millet seeds),,1.9g,0.006g,BAKING ADDITIVES,YEAST,Processed Culinary Ingredients
Oat bran unprocessed uncooked,,7.5g,0.012g,BREAKFAST CEREALS,OATS,Unprocessed/Minimally processed foods
Pasta macaroni plain dry raw imported,,1.5g,0.0052g,PASTAS,PASTA - MACARONI,Unprocessed/Minimally processed foods
Pasta macaroni plain dry imported boiled drained (without salt),,0.6g,0.003g,PASTAS,PASTA - MACARONI,Unprocessed/Minimally processed foods
Pasta macaroni plain dry imported boiled in recipe (without salt),,0.6g,0.004g,PASTAS,PASTA - MACARONI,Unprocessed/Minimally processed foods
Pasta spaghetti dry raw imported,,1.4g,0.005g,PASTAS,PASTA - SPAGHETTI,Unprocessed/Minimally processed foods
Pasta spaghetti dry imported boiled drained (without salt),,0.5g,0.003g,PASTAS,PASTA - SPAGHETTI,Unprocessed/Minimally processed foods
Pasta spaghetti dry imported boiled in recipe (without salt),,0.5g,0.004g,PASTAS,PASTA - SPAGHETTI,Unprocessed/Minimally processed foods
Rice Flour,,1.1g,0.002g,WHEAT FLOUR,RICE FLOUR,Unprocessed/Minimally processed foods
Rice parboiled raw,,0.5g,0.006g,CEREAL GRAINS,PARBOILED RICE,Unprocessed/Minimally processed foods
Rice parboiled boiled (without salt),,0.2g,0.004g,CEREAL GRAINS,PARBOILED RICE,Unprocessed/Minimally processed foods
Rice white milled polished grain dry raw,,1g,0.017g,CEREAL GRAINS,WHITE RICE,Unprocessed/Minimally processed foods
Rice white milled polished grain dry boiled (without salt),,0.3g,0.008g,CEREAL GRAINS,WHITE RICE,Unprocessed/Minimally processed foods
Semolina,,1.1g,0.002g,WHEAT FLOUR,SEMOLINA,Unprocessed/Minimally processed foods
Scone plain commercial,,15g,0.8g,PASTRIES,SCONES,Processed foods
Sorghum Grain Red Dried Raw,,3.5g,0.006g,CEREAL GRAINS,SORGHUM GRAIN,Unprocessed/Minimally processed foods
Sorghum whole grain red dried boiled drained (without salt),,1.5g,0.004g,CEREAL GRAINS,SORGHUM GRAIN,Unprocessed/Minimally processed foods
Sorghum whole grain red dried stewed drained (without salt),,1.5g,0.004g,CEREAL GRAINS,SORGHUM GRAIN,Unprocessed/Minimally processed foods
Sorghum Grain Red Flour,,3.5g,0.006g,WHEAT FLOUR,SORGHUM FLOUR,Unprocessed/Minimally processed foods
Sorghum grain white dry raw,,3.5g,0.006g,CEREAL GRAINS,SORGHUM GRAIN,Unprocessed/Minimally processed foods
Sorghum whole grain white dry boiled drained (without salt),,1.5g,0.004g,CEREAL GRAINS,SORGHUM GRAIN,Unprocessed/Minimally processed foods
Sorghum whole grain white dry stewed drained (without salt),,1.5g,0.004g,CEREAL GRAINS,SORGHUM GRAIN,Unprocessed/Minimally processed foods
Sorghum grain white flour,,3.5g,0.004g,WHEAT FLOUR,SORGHUM FLOUR,Unprocessed/Minimally processed foods
Teff raw,,2.4g,0.012g,CEREAL GRAINS,TEFF,Unprocessed/Minimally processed foods
Wheat Flour Atta,,1.8g,0.002g,WHEAT FLOUR,WHEAT FLOUR - ATTA,Unprocessed/Minimally processed foods
Wheat Flour (refined fortified sifted packaged) raw,,1.6g,0.002g,WHEAT FLOUR,WHEAT FLOUR - ATTA,Unprocessed/Minimally processed foods
Wheat whole flour raw,,2.5g,0.003g,WHEAT FLOUR,WHEAT FLOUR - ATTA,Unprocessed/Minimally processed foods
Wheat whole grain dry raw,,2.5g,0.002g,CEREAL GRAINS,WHEAT GRAIN,Unprocessed/Minimally processed foods
Wheat whole grain dry boiled (without salt),,1.4g,0.002g,CEREAL GRAINS,WHEAT GRAIN,Unprocessed/Minimally processed foods
Wheat whole grain dry stewed (without salt),,1.4g,0.003g,CEREAL GRAINS,WHEAT GRAIN,Unprocessed/Minimally processed foods
Arrowroot flour,,0.2g,0.002g,WHEAT FLOUR,ARROWROOT FLOUR,Unprocessed/Minimally processed foods
Arrowroot peeled raw,,0.3g,0.036g,ROOT VEGETABLES,ARROWROOTS,Unprocessed/Minimally processed foods
Arrowroot peeled boiled drained (without salt),,0.3g,0.028g,ROOT VEGETABLES,ARROWROOTS,Unprocessed/Minimally processed foods
Banana BITA 3 dried flour,,1.8g,0.004g,BABY FOODS - PORRIDGE FLOUR,PORRIDGE FLOUR - BANANA,Processed foods
Banana plantain green raw,,0.4g,0.01g,FRUITS,GREEN BANANAS,Unprocessed/Minimally processed foods
Beet root peeled raw,,0.1g,0.06g,ROOT VEGETABLES,BEETROOT,Unprocessed/Minimally processed foods
Beet root peeled boiled drained (without salt),,0.1g,0.033g,ROOT VEGETABLES,BEETROOT,Unprocessed/Minimally processed foods
Beet root peeled stewed (without salt),,0.1g,0.056g,ROOT VEGETABLES,BEETROOT,Unprocessed/Minimally processed foods
Cassava root white peeled raw,,0.3g,0.002g,ROOT VEGETABLES,CASSAVA,Unprocessed/Minimally processed foods
Cassava root white peeled boiled drained (without salt),,0.2g,0.001g,ROOT VEGETABLES,CASSAVA,Unprocessed/Minimally processed foods
Cassava root yellow peeled raw,,0.2g,0.002g,ROOT VEGETABLES,CASSAVA,Unprocessed/Minimally processed foods
Cassava root yellow peeled boiled drained (without salt),,0.2g,0.001g,ROOT VEGETABLES,CASSAVA,Unprocessed/Minimally processed foods
Potato Irish (English) white variety peeled raw,,0.1g,0.00646g,ROOT VEGETABLES,POTATO,Unprocessed/Minimally processed foods
Potato Irish (English) white variety peeled boiled drained (without salt),,0.1g,0.005g,ROOT VEGETABLES,POTATO,Unprocessed/Minimally processed foods
Potato Irish (English) white variety peeled steamed (without salt),,0.2g,0.006g,ROOT VEGETABLES,POTATO,Unprocessed/Minimally processed foods
Radish round red skin raw,,0.16g,0.03227g,VEGETABLES,RADISH,Unprocessed/Minimally processed foods
Radish long red skin raw,,0.1g,0.025g,VEGETABLES,RADISH,Unprocessed/Minimally processed foods
Radish white skin raw,,0.3g,0.026g,VEGETABLES,RADISH,Unprocessed/Minimally processed foods
Sweet potato brown skin peeled raw,,0.4g,0.02g,ROOT VEGETABLES,SWEET POTATO,Unprocessed/Minimally processed foods
Sweet potato brown skin peeled boiled drained (without salt),,0.4g,0.016g,ROOT VEGETABLES,SWEET POTATO,Unprocessed/Minimally processed foods
Sweetpotato orange biofortified raw,,0.1g,0.01g,ROOT VEGETABLES,SWEET POTATO,Unprocessed/Minimally processed foods
Sweetpotato orange biofortified boiled drained (without salt),,0.1g,0.008g,ROOT VEGETABLES,SWEET POTATO,Unprocessed/Minimally processed foods
Sweet potato pink skin,,0.6g,0.011g,ROOT VEGETABLES,SWEET POTATO,Unprocessed/Minimally processed foods
Sweet potato pink skin boiled drained (without salt),,0.6g,0.009g,ROOT VEGETABLES,SWEET POTATO,Unprocessed/Minimally processed foods
Taro peeled raw,,0.2g,0.01g,ROOT VEGETABLES,TARO,Unprocessed/Minimally processed foods
Turnip root raw,,0.2g,0.029g,ROOT VEGETABLES,TURNIP,Unprocessed/Minimally processed foods
Yam flour,,0.4g,0.028g,WHEAT FLOUR,YAM FLOUR,Unprocessed/Minimally processed foods
Yam white raw,,0.2g,0.01g,ROOT VEGETABLES,YAM,Unprocessed/Minimally processed foods
Yam white boiled drained (without salt),,0.2g,0.008g,ROOT VEGETABLES,YAM,Unprocessed/Minimally processed foods
Beans broad dry raw,,1.53g,0.025g,"PULSES - PEAS, LENTILS, BEANS",BROAD BEANS (FAVA),Unprocessed/Minimally processed foods
Beans broad dry unsoaked boiled drained (without salt),,0.5g,0.009g,"PULSES - PEAS, LENTILS, BEANS",BROAD BEANS (FAVA),Unprocessed/Minimally processed foods
Beans broad dry unsoaked boiled (without salt water not discarded),,0.3g,0.008g,"PULSES - PEAS, LENTILS, BEANS",BROAD BEANS (FAVA),Unprocessed/Minimally processed foods
Beans broad dry water soaked boiled in different water drained (without salt),,0.5g,0.009g,"PULSES - PEAS, LENTILS, BEANS",BROAD BEANS (FAVA),Unprocessed/Minimally processed foods
Beans broad dry water soaked boiled in different water (without salt water not discarded),,0.3g,0.008g,"PULSES - PEAS, LENTILS, BEANS",BROAD BEANS (FAVA),Unprocessed/Minimally processed foods
Beans broad fresh raw,,0.5g,0.002g,"PULSES - PEAS, LENTILS, BEANS",BROAD BEANS (FAVA),Unprocessed/Minimally processed foods
Beans broad fresh boiled drained (without salt),,0.5g,0.002g,"PULSES - PEAS, LENTILS, BEANS",BROAD BEANS (FAVA),Unprocessed/Minimally processed foods
Beans cluster fresh raw,,0.4g,0.004g,"PULSES - PEAS, LENTILS, BEANS",CLUSTER BEANS (GUAR),Unprocessed/Minimally processed foods
Beans cluster fresh boiled drained (without salt),,0.4g,0.003g,"PULSES - PEAS, LENTILS, BEANS",CLUSTER BEANS (GUAR),Unprocessed/Minimally processed foods
Beans kidney dry raw,,2g,0.022g,"PULSES - PEAS, LENTILS, BEANS",KIDNEY BEANS,Unprocessed/Minimally processed foods
Beans kidney dry unsoaked boiled drained (without salt),,0.8g,0.008g,"PULSES - PEAS, LENTILS, BEANS",KIDNEY BEANS,Unprocessed/Minimally processed foods
Beans kidney dry unsoaked boiled (without salt water not discarded),,0.5g,0.007g,"PULSES - PEAS, LENTILS, BEANS",KIDNEY BEANS,Unprocessed/Minimally processed foods
Beans kidney dry water soaked boiled in different water drained (without salt),,0.8g,0.008g,"PULSES - PEAS, LENTILS, BEANS",KIDNEY BEANS,Unprocessed/Minimally processed foods
Beans kidney dry water soaked boiled in different water (without salt water not discarded),,0.5g,0.007g,"PULSES - PEAS, LENTILS, BEANS",KIDNEY BEANS,Unprocessed/Minimally processed foods
Beans lima dry raw,,1.63g,0.007g,"PULSES - PEAS, LENTILS, BEANS",BUTTER/LIMA BEANS,Unprocessed/Minimally processed foods
Beans lima dry unsoaked boiled drained (without salt),,0.7g,0.004g,"PULSES - PEAS, LENTILS, BEANS",BUTTER/LIMA BEANS,Unprocessed/Minimally processed foods
Beans lima dry unsoaked boiled (without salt water not discarded),,0.4g,0.004g,"PULSES - PEAS, LENTILS, BEANS",BUTTER/LIMA BEANS,Unprocessed/Minimally processed foods
Beans lima dry water soaked boiled in different water drained (without salt),,0.7g,0.004g,"PULSES - PEAS, LENTILS, BEANS",BUTTER/LIMA BEANS,Unprocessed/Minimally processed foods
Beans lima dry water soaked boiled in different water (without salt water not discarded),,0.4g,0.004g,"PULSES - PEAS, LENTILS, BEANS",BUTTER/LIMA BEANS,Unprocessed/Minimally processed foods
Bean red fresh raw,,0.4g,0.003g,"PULSES - PEAS, LENTILS, BEANS",KIDNEY BEANS,Unprocessed/Minimally processed foods
Beans shellie canned solid liquids,,0.2g,0.334g,"PULSES - PEAS, LENTILS, BEANS",CANNED BEANS (READY),Processed foods
Bonavist dry raw,,1.4g,0.018g,"PULSES - PEAS, LENTILS, BEANS",BONAVIST/LABLAB BEANS,Unprocessed/Minimally processed foods
Bonavist dry unsoaked boiled drained (without salt),,0.5g,0.007g,"PULSES - PEAS, LENTILS, BEANS",BONAVIST/LABLAB BEANS,Unprocessed/Minimally processed foods
Bonavist dry unsoaked boiled (without salt water not discarded),,0.4g,0.009g,"PULSES - PEAS, LENTILS, BEANS",BONAVIST/LABLAB BEANS,Unprocessed/Minimally processed foods
Bonavist dry water soaked boiled in different water drained (without salt),,0.5g,0.007g,"PULSES - PEAS, LENTILS, BEANS",BONAVIST/LABLAB BEANS,Unprocessed/Minimally processed foods
Bonavist dry water soaked boiled in different water (without salt water not discarded),,0.3g,0.007g,"PULSES - PEAS, LENTILS, BEANS",BONAVIST/LABLAB BEANS,Unprocessed/Minimally processed foods
Bonavist fresh raw,,0.6g,0.006g,"PULSES - PEAS, LENTILS, BEANS",BONAVIST/LABLAB BEANS,Unprocessed/Minimally processed foods
Chick peas whole dry raw,,5.1g,0.025g,"PULSES - PEAS, LENTILS, BEANS",CHICKPEAS,Unprocessed/Minimally processed foods
Chick peas whole dry unsoaked boiled drained (without salt),,2.3g,0.01g,"PULSES - PEAS, LENTILS, BEANS",CHICKPEAS,Unprocessed/Minimally processed foods
Chick peas whole unsoaked boiled (without salt water not discarded),,1.6g,0.01g,"PULSES - PEAS, LENTILS, BEANS",CHICKPEAS,Unprocessed/Minimally processed foods
Chick peas whole dry water soaked boiled in different water drained (without salt),,2.3g,0.01g,"PULSES - PEAS, LENTILS, BEANS",CHICKPEAS,Unprocessed/Minimally processed foods
Chick peas whole dry water soaked boiled in different water (without salt water not discarded),,1.6g,0.01g,"PULSES - PEAS, LENTILS, BEANS",CHICKPEAS,Unprocessed/Minimally processed foods
Cowpeas dry raw,,1.1g,0.022g,"PULSES - PEAS, LENTILS, BEANS",COWPEAS/CHORA,Unprocessed/Minimally processed foods
Cowpeas dry unsoaked boiled drained (without salt),,0.4g,0.008g,"PULSES - PEAS, LENTILS, BEANS",COWPEAS/CHORA,Unprocessed/Minimally processed foods
Cowpeas unsoaked boiled (without salt water not discarded),,0.3g,0.007g,"PULSES - PEAS, LENTILS, BEANS",COWPEAS/CHORA,Unprocessed/Minimally processed foods
Cowpeas dry water soaked boiled in different water drained (without salt),,0.4g,0.008g,"PULSES - PEAS, LENTILS, BEANS",COWPEAS/CHORA,Unprocessed/Minimally processed foods
Cowpeas dry water soaked boiled in different water (without salt water not discarded),,0.3g,0.007g,"PULSES - PEAS, LENTILS, BEANS",COWPEAS/CHORA,Unprocessed/Minimally processed foods
Cowpeas fresh raw,,0.6g,0.006g,"PULSES - PEAS, LENTILS, BEANS",COWPEAS/CHORA,Unprocessed/Minimally processed foods
Cowpeas fresh boiled drained (without salt),,0.6g,0.005g,"PULSES - PEAS, LENTILS, BEANS",COWPEAS/CHORA,Unprocessed/Minimally processed foods
Flour soya full fat,,20.2g,0.0127g,WHEAT FLOUR,SOYA FLOUR,Unprocessed/Minimally processed foods
Flour soya low fat,,8.68g,0.009g,WHEAT FLOUR,SOYA FLOUR,Unprocessed/Minimally processed foods
Garden peas fresh raw,,0.7g,0.00366g,"PULSES - PEAS, LENTILS, BEANS",GARDEN PEAS,Unprocessed/Minimally processed foods
Garden peas fresh boiled drained (without salt),,0.7g,0.003g,"PULSES - PEAS, LENTILS, BEANS",GARDEN PEAS,Unprocessed/Minimally processed foods
Garden peas dry raw,,1.9g,0.017g,"PULSES - PEAS, LENTILS, BEANS",GARDEN PEAS,Unprocessed/Minimally processed foods
Garden peas dry unsoaked boiled drained (without salt),,0.7g,0.007g,"PULSES - PEAS, LENTILS, BEANS",GARDEN PEAS,Unprocessed/Minimally processed foods
Garden peas unsoaked boiled (without salt water not discarded),,0.4g,0.006g,"PULSES - PEAS, LENTILS, BEANS",GARDEN PEAS,Unprocessed/Minimally processed foods
Garden peas dry water soaked boiled in different water drained (without salt),,0.7g,0.007g,"PULSES - PEAS, LENTILS, BEANS",GARDEN PEAS,Unprocessed/Minimally processed foods
Garden peas dry water soaked boiled in different water (without salt water not discarded),,0.4g,0.006g,"PULSES - PEAS, LENTILS, BEANS",GARDEN PEAS,Unprocessed/Minimally processed foods
Gram black dry raw,,1.7g,0.014g,"PULSES - PEAS, LENTILS, BEANS",BLACK GRAM (URAD),Unprocessed/Minimally processed foods
Gram black dry unsoaked boiled drained (without salt),,0.6g,0.005g,"PULSES - PEAS, LENTILS, BEANS",BLACK GRAM (URAD),Unprocessed/Minimally processed foods
Gram black dry unsoaked boiled (without salt water not discarded),,0.4g,0.005g,"PULSES - PEAS, LENTILS, BEANS",BLACK GRAM (URAD),Unprocessed/Minimally processed foods
Gram black dry water soaked boiled in different water drained (without salt),,0.6g,0.005g,"PULSES - PEAS, LENTILS, BEANS",BLACK GRAM (URAD),Unprocessed/Minimally processed foods
Gram black dry water soaked boiled in different water (without salt water not discarded),,0.4g,0.005g,"PULSES - PEAS, LENTILS, BEANS",BLACK GRAM (URAD),Unprocessed/Minimally processed foods
Gram Flour,,5.4g,0.002g,WHEAT FLOUR,GRAM FLOUR (BESAN),Unprocessed/Minimally processed foods
Gram green dry raw,,1.7g,0.026g,"PULSES - PEAS, LENTILS, BEANS",GREEN GRAMS,Unprocessed/Minimally processed foods
Gram green dry unsoaked boiled drained (without salt),,0.6g,0.009g,"PULSES - PEAS, LENTILS, BEANS",GREEN GRAMS,Unprocessed/Minimally processed foods
Gram green dry unsoaked boiled (without salt water not discarded),,0.4g,0.008g,"PULSES - PEAS, LENTILS, BEANS",GREEN GRAMS,Unprocessed/Minimally processed foods
Gram green dry water soaked boiled in different water drained (without salt),,0.6g,0.009g,"PULSES - PEAS, LENTILS, BEANS",GREEN GRAMS,Unprocessed/Minimally processed foods
Gram green dry water soaked boiled in different water (without salt water not discarded),,0.4g,0.008g,"PULSES - PEAS, LENTILS, BEANS",GREEN GRAMS,Unprocessed/Minimally processed foods
Lentils whole dry raw,,0.6g,0.011g,"PULSES - PEAS, LENTILS, BEANS",LENTILS,Unprocessed/Minimally processed foods
Lentils whole dry unsoaked boiled drained (without salt),,0.2g,0.005g,"PULSES - PEAS, LENTILS, BEANS",LENTILS,Unprocessed/Minimally processed foods
Lentils whole unsoaked boiled (without salt water not discarded),,0.2g,0.005g,"PULSES - PEAS, LENTILS, BEANS",LENTILS,Unprocessed/Minimally processed foods
Lentils whole dry water soaked boiled in different water drained (without salt),,0.2g,0.005g,"PULSES - PEAS, LENTILS, BEANS",LENTILS,Unprocessed/Minimally processed foods
Lentils whole dry water soaked boiled in different water (without salt water not discarded),,0.2g,0.005g,"PULSES - PEAS, LENTILS, BEANS",LENTILS,Unprocessed/Minimally processed foods
Pigeon peas dry raw,,2.1g,0.021g,"PULSES - PEAS, LENTILS, BEANS",PIGEON PEAS,Unprocessed/Minimally processed foods
Pigeon peas dry unsoaked boiled drained (without salt),,0.9g,0.008g,"PULSES - PEAS, LENTILS, BEANS",PIGEON PEAS,Unprocessed/Minimally processed foods
Pigeon peas dry unsoaked boiled (without salt water not discarded),,0.7g,0.008g,"PULSES - PEAS, LENTILS, BEANS",PIGEON PEAS,Unprocessed/Minimally processed foods
Pigeon peas dry water soaked boiled in different water drained (without salt),,0.9g,0.008g,"PULSES - PEAS, LENTILS, BEANS",PIGEON PEAS,Unprocessed/Minimally processed foods
Pigeon peas dry water soaked boiled in different water (without salt water not discarded),,0.7g,0.008g,"PULSES - PEAS, LENTILS, BEANS",PIGEON PEAS,Unprocessed/Minimally processed foods
Soybean dry raw,,19.1g,0.007g,"PULSES - PEAS, LENTILS, BEANS",SOYA BEANS,Unprocessed/Minimally processed foods
Soybean dry unsoaked boiled drained (without salt),,7.9g,0.004g,"PULSES - PEAS, LENTILS, BEANS",SOYA BEANS,Unprocessed/Minimally processed foods
Soybean dry water soaked boiled in different water drained (without salt),,7.9g,0.004g,"PULSES - PEAS, LENTILS, BEANS",SOYA BEANS,Unprocessed/Minimally processed foods
Amaranth leaves picked raw,,0.2g,0.018g,VEGETABLES,TERERE (AMARANTH LEAVES),Unprocessed/Minimally processed foods
Amaranth leaves picked boiled drained (without salt),,0.3g,0.014g,VEGETABLES,TERERE (AMARANTH LEAVES),Unprocessed/Minimally processed foods
Amaranth leaves picked stewed (without salt),,0.3g,0.022g,VEGETABLES,TERERE (AMARANTH LEAVES),Unprocessed/Minimally processed foods
Bitter gourd whole different varieties raw,,0.2g,0.016g,VEGETABLES,BITTER GOURD,Unprocessed/Minimally processed foods
Bitter gourd whole different varieties boiled drained (without salt),,0.3g,0.014g,VEGETABLES,BITTER GOURD,Unprocessed/Minimally processed foods
Black (African) nightshade indigenous leaves picked raw,,0.1g,0.01g,VEGETABLES,MANAGU (BLACK NIGHTSHADE),Unprocessed/Minimally processed foods
Black (African) nightshade indigenous leaves picked boiled drained (without salt),,0.1g,0.007g,VEGETABLES,MANAGU (BLACK NIGHTSHADE),Unprocessed/Minimally processed foods
Broccoli tops and stems raw,,0.3g,0.022g,VEGETABLES,BROCCOLI,Unprocessed/Minimally processed foods
Black (African) nightshade indigenous leaves picked steamed,,0.1g,0.007g,VEGETABLES,MANAGU (BLACK NIGHTSHADE),Unprocessed/Minimally processed foods
Broccoli tops and stems boiled drained (without salt),,0.3g,0.015g,VEGETABLES,BROCCOLI,Unprocessed/Minimally processed foods
Broccoli tops and stems steamed (without salt),,0.3g,0.018g,VEGETABLES,BROCCOLI,Unprocessed/Minimally processed foods
Cabbage leaf head Chinese raw,,0.3g,0.016g,VEGETABLES,CABBAGE,Unprocessed/Minimally processed foods
Cabbage leaf head Chinese boiled drained (without salt),,0.3g,0.012g,VEGETABLES,CABBAGE,Unprocessed/Minimally processed foods
Cabbage leaf head Chinese steamed (without salt),,0.3g,0.014g,VEGETABLES,CABBAGE,Unprocessed/Minimally processed foods
Cabbage leaf head red raw,,0.2g,0.016g,VEGETABLES,CABBAGE,Unprocessed/Minimally processed foods
Cabbage leaf head red boiled drained (without salt),,0.2g,0.012g,VEGETABLES,CABBAGE,Unprocessed/Minimally processed foods
Cabbage leaf head red stewed (without salt),,0.2g,0.015g,VEGETABLES,CABBAGE,Unprocessed/Minimally processed foods
Cabbage leaf head white raw,,0.1g,0.037g,VEGETABLES,CABBAGE,Unprocessed/Minimally processed foods
Cabbage leaf head white boiled drained (without salt),,0.1g,0.029g,VEGETABLES,CABBAGE,Unprocessed/Minimally processed foods
Cabbage leaf head white stewed (without salt),,0.1g,0.04g,VEGETABLES,CABBAGE,Unprocessed/Minimally processed foods
Capsicum (sweet peper) green raw,,0.1g,0.002g,VEGETABLES,CAPSICUM/SWEET PEPPER,Unprocessed/Minimally processed foods
Capsicum (sweet peper) green boiled drained (without salt),,0.1g,0.002g,VEGETABLES,CAPSICUM/SWEET PEPPER,Unprocessed/Minimally processed foods
Capsicum (sweet peper) green grilled (without salt and fat),,0.1g,0.002g,VEGETABLES,CAPSICUM/SWEET PEPPER,Unprocessed/Minimally processed foods
Capsicum (sweet peper) green baked (without salt),,0.1g,0.002g,VEGETABLES,CAPSICUM/SWEET PEPPER,Unprocessed/Minimally processed foods
Capsicum (sweet peper) red raw,,0.2g,0.002g,VEGETABLES,CAPSICUM/SWEET PEPPER,Unprocessed/Minimally processed foods
Capsicum (sweet peper) red boiled drained (without salt),,0.2g,0.002g,VEGETABLES,CAPSICUM/SWEET PEPPER,Unprocessed/Minimally processed foods
Capsicum (sweet peper) red grilled (without salt and fat),,0.2g,0.002g,VEGETABLES,CAPSICUM/SWEET PEPPER,Unprocessed/Minimally processed foods
Capsicum (sweet peper) red baked (without salt),,0.2g,0.002g,VEGETABLES,CAPSICUM/SWEET PEPPER,Unprocessed/Minimally processed foods
Capsicum (sweet peper) yellow raw,,0.2g,0.002g,VEGETABLES,CAPSICUM/SWEET PEPPER,Unprocessed/Minimally processed foods
Capsicum (sweet peper) yellow boiled drained (without salt),,0.2g,0.001g,VEGETABLES,CAPSICUM/SWEET PEPPER,Unprocessed/Minimally processed foods
Capsicum (sweet peper) yellow grilled (without salt and fat),,0.2g,0.002g,VEGETABLES,CAPSICUM/SWEET PEPPER,Unprocessed/Minimally processed foods
Capsicum (sweet peper) yellow baked (without salt),,0.2g,0.002g,VEGETABLES,CAPSICUM/SWEET PEPPER,Unprocessed/Minimally processed foods
Carrot peeled raw,,0.2g,0.035g,VEGETABLES,CARROTS,Unprocessed/Minimally processed foods
Carrot peeled boiled drained (without salt),,0.3g,0.021g,VEGETABLES,CARROTS,Unprocessed/Minimally processed foods
Carrot peeled stewed (without salt),,0.2g,0.037g,VEGETABLES,CARROTS,Unprocessed/Minimally processed foods
Cauliflower tops and stems raw,,0.2g,0.03g,VEGETABLES,CAULIFLOWER,Unprocessed/Minimally processed foods
Cauliflower tops and stems boiled drained (without salt),,0.2g,0.023g,VEGETABLES,CAULIFLOWER,Unprocessed/Minimally processed foods
Celery stalk raw,,0.1g,0.028g,VEGETABLES,CELERY,Unprocessed/Minimally processed foods
Celery stalk boiled drained (without salt),,0.1g,0.023g,VEGETABLES,CELERY,Unprocessed/Minimally processed foods
Courgette green unpeeled raw,,0.3g,0.001g,VEGETABLES,CORGETTES,Unprocessed/Minimally processed foods
Courgette green unpeeled boiled drained (without salt),,0.3g,0.001g,VEGETABLES,CORGETTES,Unprocessed/Minimally processed foods
Cowpea leaves picked raw,,0.4g,0.031g,"PULSES - PEAS, LENTILS, BEANS",COWPEAS/CHORA,Unprocessed/Minimally processed foods
Cowpea leaves picked boiled drained (without salt),,0.4g,0.022g,"PULSES - PEAS, LENTILS, BEANS",COWPEAS/CHORA,Unprocessed/Minimally processed foods
Cowpea leaves picked steamed (without salt),,0.4g,0.023g,"PULSES - PEAS, LENTILS, BEANS",COWPEAS/CHORA,Unprocessed/Minimally processed foods
Cucumber green unpeeled raw,,0.1g,0.022g,VEGETABLES,CUCUMBER,Unprocessed/Minimally processed foods
Eggplant Brinjal different varieties whole edible raw,,0.3g,0.003g,VEGETABLES,EGGPLANTS,Unprocessed/Minimally processed foods
Eggplant Brinjal different varieties whole edible boiled drained (without salt),,0.3g,0.002g,VEGETABLES,EGGPLANTS,Unprocessed/Minimally processed foods
Eggplant Brinjal different varieties whole edible stewed (without salt),,0.4g,0.004g,VEGETABLES,EGGPLANTS,Unprocessed/Minimally processed foods
Jute mallow picked leaves raw,,0.2g,0.018g,VEGETABLES,JUTE MALLOW (MRENDA),Unprocessed/Minimally processed foods
Jute mallow picked leaves boiled drained (without salt),,0.2g,0.014g,VEGETABLES,JUTE MALLOW (MRENDA),Unprocessed/Minimally processed foods
Jute mallow picked leaves stewed (without salt),,0.2g,0.023g,VEGETABLES,JUTE MALLOW (MRENDA),Unprocessed/Minimally processed foods
Kale Ethiopian (kanzera) leaves raw,,0.6g,0.007g,VEGETABLES,KALE (KANZERA),Unprocessed/Minimally processed foods
Kale Ethiopian (kanzera) leaves boiled drained (without salt),,0.6g,0.005g,VEGETABLES,KALE (KANZERA),Unprocessed/Minimally processed foods
Kale Ethiopian (kanzera) leaves steamed (without salt),,0.5g,0.005g,VEGETABLES,KALE (KANZERA),Unprocessed/Minimally processed foods
Kale (sukuma wiki) raw,,0.3g,0.071g,VEGETABLES,KALES (SUKUMA WIKI),Unprocessed/Minimally processed foods
Kale (sukuma wiki) boiled drained (without salt),,0.3g,0.051g,VEGETABLES,KALES (SUKUMA WIKI),Unprocessed/Minimally processed foods
Kale (sukuma wiki) steamed (without salt),,0.3g,0.053g,VEGETABLES,KALES (SUKUMA WIKI),Unprocessed/Minimally processed foods
Leeks bulb and stem raw,,0.4g,0.017g,VEGETABLES,ONIONS,Unprocessed/Minimally processed foods
Leeks bulb and stem boiled drained (without salt),,0.5g,0.011g,VEGETABLES,ONIONS,Unprocessed/Minimally processed foods
Lettuce not further defined raw,,0.2g,0.02g,VEGETABLES,LETTUCE,Unprocessed/Minimally processed foods
Mushroom fresh raw,,0.4g,0.008g,VEGETABLES,MUSHROOM,Unprocessed/Minimally processed foods
Mushroom fresh boiled drained (without salt),,0.5g,0.008g,VEGETABLES,MUSHROOM,Unprocessed/Minimally processed foods
Mushroom fresh stewed (without salt),,0.5g,0.01g,VEGETABLES,MUSHROOM,Unprocessed/Minimally processed foods
Mushroom dried raw,,2.9g,0.005g,VEGETABLES,MUSHROOM,Unprocessed/Minimally processed foods
Mushroom dried boiled drained (without salt),,1.6g,0.003g,VEGETABLES,MUSHROOM,Unprocessed/Minimally processed foods
Mushroom raw canned in brine (drained),,0.4g,0.3g,VEGETABLES,MUSHROOM,Unprocessed/Minimally processed foods
Okra fresh raw,,0.2g,0.008g,VEGETABLES,OKRA,Unprocessed/Minimally processed foods
Okra fresh boiled drained (without salt),,0.2g,0.005g,VEGETABLES,OKRA,Unprocessed/Minimally processed foods
Okra fresh stewed (without salt),,0.2g,0.007g,VEGETABLES,OKRA,Unprocessed/Minimally processed foods
Pumpkin flesh yellow w o seeds raw,,0.2g,0.014g,VEGETABLES,PUMPKIN,Unprocessed/Minimally processed foods
Pumpkin flesh yellow w o seeds boiled drained (without salt),,0.2g,0.011g,VEGETABLES,PUMPKIN,Unprocessed/Minimally processed foods
Pumpkin leaves raw,,0.7g,0.012g,VEGETABLES,MITHO (PUMPKIN LEAVES),Unprocessed/Minimally processed foods
Pumpkin leaves boiled drained (without salt),,0.7g,0.009g,VEGETABLES,MITHO (PUMPKIN LEAVES),Unprocessed/Minimally processed foods
Pumpkin leaves steamed (without salt),,0.6g,0.009g,VEGETABLES,MITHO (PUMPKIN LEAVES),Unprocessed/Minimally processed foods
Spider plant leaves raw,,0.8g,0.019g,VEGETABLES,SAGET (SPIDER PLANT),Unprocessed/Minimally processed foods
Spider plant leaves boiled drained (without salt),,0.7g,0.013g,VEGETABLES,SAGET (SPIDER PLANT),Unprocessed/Minimally processed foods
Spider plant leaves steamed (without salt),,0.7g,0.014g,VEGETABLES,SAGET (SPIDER PLANT),Unprocessed/Minimally processed foods
Spinach leaves raw,,0.4g,0.059g,VEGETABLES,SPINACH,Unprocessed/Minimally processed foods
Spinach leaves boiled drained (without salt),,0.4g,0.046g,VEGETABLES,SPINACH,Unprocessed/Minimally processed foods
Spinach leaves stewed (without salt),,0.4g,0.072g,VEGETABLES,SPINACH,Unprocessed/Minimally processed foods
Spinach Swiss chard leaves raw,,0.2g,0.892g,VEGETABLES,SPINACH,Unprocessed/Minimally processed foods
Spinach Swiss chard leaves boiled drained (without salt),,0.2g,0.704g,VEGETABLES,SPINACH,Unprocessed/Minimally processed foods
Spinach Swiss chard leaves stewed (without salt),,0.3g,1.101g,VEGETABLES,SPINACH,Unprocessed/Minimally processed foods
Squash butternut peeled flesh raw,,0.1g,0.0077g,VEGETABLES,BUTTER NUT,Unprocessed/Minimally processed foods
Squash butternut peeled flesh boiled drained (without salt),,0.1g,0.007g,VEGETABLES,BUTTER NUT,Unprocessed/Minimally processed foods
Squash butternut peeled flesh steamed (without salt),,0.1g,0.007g,VEGETABLES,BUTTER NUT,Unprocessed/Minimally processed foods
Squash butternut peeled flesh baked (without salt),,0.1g,0.009g,VEGETABLES,BUTTER NUT,Unprocessed/Minimally processed foods
Stinging nettle leaves raw,,0.7g,0.036g,VEGETABLES,STINGING NETTLE (THABAI),Unprocessed/Minimally processed foods
Stinging nettle leaves boiled drained (without salt),,0.7g,0.026g,VEGETABLES,STINGING NETTLE (THABAI),Unprocessed/Minimally processed foods
Stinging nettle leaves steamed (without salt),,0.6g,0.027g,VEGETABLES,STINGING NETTLE (THABAI),Unprocessed/Minimally processed foods
Sweet Potato (Leaves),,0.5g,0.006g,ROOT VEGETABLES,SWEET POTATO,Unprocessed/Minimally processed foods
Tomato green raw,,0.2g,0.013g,VEGETABLES,TOMATOES,Unprocessed/Minimally processed foods
Tomato green boiled drained (without salt),,0.3g,0.013g,VEGETABLES,TOMATOES,Unprocessed/Minimally processed foods
Tomato red ripe raw,,0.2g,0.021g,VEGETABLES,TOMATOES,Unprocessed/Minimally processed foods
Tomato red ripe boiled drained (without salt),,0.3g,0.02g,VEGETABLES,TOMATOES,Unprocessed/Minimally processed foods
Tomato canned whole contents,,0.1g,0.068g,VEGETABLES,TOMATOES,Unprocessed/Minimally processed foods
Vine (African) spinach picked leaves raw,,0.7g,0.008g,VEGETABLES,SPINACH,Unprocessed/Minimally processed foods
Vine (African) spinach picked leaves boiled drained (without salt),,0.7g,0.006g,VEGETABLES,SPINACH,Unprocessed/Minimally processed foods
Apple green skin unpeeled raw,,0g,0.002g,FRUITS,APPLES,Unprocessed/Minimally processed foods
Apple red unpeeled raw,,0.1g,0.001g,FRUITS,APPLES,Unprocessed/Minimally processed foods
Avocado ripe raw,,19.6g,0.007g,FRUITS,AVOCADO,Unprocessed/Minimally processed foods
Banana cavendish raw,,0.3g,0g,FRUITS,RIPE BANANAS,Unprocessed/Minimally processed foods
Baobab fruit powderly part dry raw,,0.4g,0.056g,DRIED FRUITS,BAOBAB FRUIT,Unprocessed/Minimally processed foods
Custard apple peeled raw,,0.7g,0.003g,FRUITS,CUSTARD APPLE,Unprocessed/Minimally processed foods
Date dried,,0.2g,0.014g,DRIED FRUITS,DATES,Unprocessed/Minimally processed foods
Date raw,,0.1g,0.007g,DRIED FRUITS,DATES,Unprocessed/Minimally processed foods
Doumpalm fruit raw,,0.7g,0.00047g,FRUITS,DOUM PALM,Unprocessed/Minimally processed foods
Grapes green raw,,0.1g,0.003g,FRUITS,GRAPES,Unprocessed/Minimally processed foods
Guava pink fleshed raw,,1.1g,0.001g,FRUITS,GUAVAS,Unprocessed/Minimally processed foods
Jackfruit fruit yellow fleshed peeled raw,,0.2g,0.002g,FRUITS,JACKFRUIT,Unprocessed/Minimally processed foods
Lemon juice home squeezed,,0.2g,0.002g,FRESH/FRUIT JUICES - NO ADDED SUGAR,FRESH/FRUIT JUICES - NO ADDED SUGAR,Unprocessed/Minimally processed foods
Lemon peel raw,,0.3g,0.006g,HERBS AND SPICES,SPICES - LEMON PEEL,Unprocessed/Minimally processed foods
Lemon pulp raw,,0.2g,0.002g,FRUITS,LEMONS,Unprocessed/Minimally processed foods
Lime juice,,0.2g,0.003g,FRESH/FRUIT JUICES - NO ADDED SUGAR,FRESH/FRUIT JUICES - NO ADDED SUGAR,Unprocessed/Minimally processed foods
Lime pulp raw,,0.2g,0.003g,FRUITS,LIME,Unprocessed/Minimally processed foods
Loquat peeled raw,,0.2g,0.002g,FRUITS,LOQUAT,Unprocessed/Minimally processed foods
Mango ripe raw,,0.3g,0.001g,FRUITS,MANGOES,Unprocessed/Minimally processed foods
Mango unripe raw,,0.1g,0.026g,FRUITS,MANGOES,Unprocessed/Minimally processed foods
Mulberry raw,,0.2g,0.006g,FRUITS,BERRIES,Unprocessed/Minimally processed foods
Orange Juice,,0.1g,0.002g,FRESH/FRUIT JUICES - NO ADDED SUGAR,FRESH/FRUIT JUICES - NO ADDED SUGAR,Unprocessed/Minimally processed foods
Orange pulp raw,,0.2g,0.005g,FRUITS,ORANGES,Unprocessed/Minimally processed foods
Papaya yellow skin peeled raw,,0.3g,0.004g,FRUITS,PAW PAWS,Unprocessed/Minimally processed foods
Passion fruit dark purple skin raw,,0.9g,0.019g,FRUITS,PASSION FRUITS,Unprocessed/Minimally processed foods
Passion Fruit juice,,0.1g,0.01g,FRESH/FRUIT JUICES - NO ADDED SUGAR,FRESH/FRUIT JUICES - NO ADDED SUGAR,Unprocessed/Minimally processed foods
Peach yellow fleshed unpeeled raw,,0.1g,0.002g,FRUITS,PEACHES,Unprocessed/Minimally processed foods
Pear unpeeled raw,,0.2g,0.001g,FRUITS,PEARS,Unprocessed/Minimally processed foods
Pineapple canned in syrup whole contents,,0.6g,0.006g,FRUITS,PINEAPPLE,Unprocessed/Minimally processed foods
Pineapple raw,,0.2g,0.001g,FRUITS,PINEAPPLE,Unprocessed/Minimally processed foods
Plum purple skin raw,,0.1g,0.001g,FRUITS,PLUMS,Unprocessed/Minimally processed foods
Pomegranate raw,,0.2g,0.004g,FRUITS,POMEGRANATE,Unprocessed/Minimally processed foods
Raspberry raw,,0.2g,0.001g,FRUITS,BERRIES,Unprocessed/Minimally processed foods
Strawberry raw,,0.2g,0.003g,FRUITS,BERRIES,Unprocessed/Minimally processed foods
Tangerine juice non commercial,,0.2g,0.001g,FRESH/FRUIT JUICES - NO ADDED SUGAR,FRESH/FRUIT JUICES - NO ADDED SUGAR,Unprocessed/Minimally processed foods
Tangerine pulp raw,,0.2g,0.002g,FRUITS,ORANGES,Unprocessed/Minimally processed foods
Tree tomato dark red skin peeled raw,,0.3g,0.02g,VEGETABLES,TOMATOES,Unprocessed/Minimally processed foods
Watermelon fruit green with white stripes raw,,0.3g,0.002g,FRUITS,WATER MELONS,Unprocessed/Minimally processed foods
Zambarau peeled raw,,0.4g,0.011g,FRUITS,ZAMBARAU/JAMUN,Unprocessed/Minimally processed foods
Butter (cow milk) no added salt (~80 fat),,81.3g,0.01g,COOKING FAT,VEGETABLE FAT,Processed foods
Butter (cow milk) salted (~ fat),,81.3g,0.776g,COOKING FAT,VEGETABLE FAT,Processed foods
Cheese cheddar regular fat,,32.8g,0.6g,CHEESE,CHEDDAR CHEESE,Processed foods
Cheese cottage (cow milk) plain skimmed,,2.5g,0.45g,CHEESE,COTTAGE CHEESE,Processed foods
Cheese cottage (cow milk) plain whole,,5.7g,0.277g,CHEESE,COTTAGE CHEESE,Processed foods
Cheese cottage Milk Cow Sour,,4.3g,0.364g,CHEESE,COTTAGE CHEESE,Processed foods
Cream pure fat,,23.6g,0.04g,COOKING FAT,CREAM (DAIRY),Processed Culinary Ingredients
Ghee (cow milk),,99.9g,0.002g,COOKING FAT,GHEE,Processed Culinary Ingredients
Ice cream caramel flavour regular fat,,10.6g,0.048g,ICE CREAM,ICE CREAM,Ultra-processed foods
Ice cream chocolate flavour regular fat,,12g,0.071g,ICE CREAM,ICE CREAM,Ultra-processed foods
Ice cream strawberry flavour regular fat,,9.5g,0.054g,ICE CREAM,ICE CREAM,Ultra-processed foods
Ice cream vanilla flavour regular fat,,10.6g,0.064g,ICE CREAM,ICE CREAM,Ultra-processed foods
Ice cream vanilla flavour with nuts regular fat,,12.2g,0.047g,ICE CREAM,ICE CREAM,Ultra-processed foods
Milk camel whole fresh raw,,2.8g,0.119g,MILK DRINKS,FRESH MILK,Unprocessed/Minimally processed foods
Milk camel whole fresh boiled,,3.3g,0.14g,MILK DRINKS,FRESH MILK,Unprocessed/Minimally processed foods
Milk cow condensed skimmed sweetened raw,,0.2g,0.125g,MILK DRINKS,FLAVOURED MILK,Processed foods
Milk cow condensed whole sweetened raw,,9.2g,0.13g,MILK DRINKS,FLAVOURED MILK,Processed foods
Milk cow powder skimmed,,0.9g,0.55g,MILK POWDER,SKIMMED MILK POWDER,Processed foods
Milk cow powder whole,,26.4g,0.44g,MILK POWDER,WHOLE MILK POWDER,Processed foods
Milk cow skimmed raw,,0.1g,0.044g,MILK DRINKS,SKIMMED MILK,Unprocessed/Minimally processed foods
Milk cow skimmed boiled,,0.1g,0.052g,MILK DRINKS,SKIMMED MILK,Unprocessed/Minimally processed foods
Milk cow whole fermented (Lala Industrial),,4.1g,0.036g,FLAVOURED FERMENTED MILK,FERMENTED MILK (LALA/MURSIK),Processed foods
Milk cow whole fermented (Lala mursik),,3.5g,0.022g,FLAVOURED FERMENTED MILK,FERMENTED MILK (LALA/MURSIK),Processed foods
Milk cow whole fresh raw,,3.5g,0.039g,MILK DRINKS,FRESH MILK,Unprocessed/Minimally processed foods
Milk cow whole fresh boiled,,4.2g,0.045g,MILK DRINKS,FRESH MILK,Unprocessed/Minimally processed foods
Milk goat fluid whole raw,,4.5g,0.057g,MILK DRINKS,FRESH MILK,Unprocessed/Minimally processed foods
Milk goat fluid whole boiled,,5.3g,0.068g,MILK DRINKS,FRESH MILK,Unprocessed/Minimally processed foods
Milk human breast mature fluid,,4.4g,0.014g,MILK DRINKS,FRESH MILK,Unprocessed/Minimally processed foods
Milk sheep fluid whole raw,,5.8g,0.044g,MILK DRINKS,FRESH MILK,Unprocessed/Minimally processed foods
Milk sheep fluid whole boiled,,6.8g,0.052g,MILK DRINKS,FRESH MILK,Unprocessed/Minimally processed foods
Yoghurt cow milk whole plain,,3.1g,0.032g,FLAVOURED FERMENTED MILK,YOGURT (PLAIN),Processed foods
Beef high fat w o bones raw,,24.1g,0.083g,RED MEAT,BEEF,Unprocessed/Minimally processed foods
Beef high fat w o bones boiled (without salt),,30.8g,0.062g,RED MEAT,BEEF,Unprocessed/Minimally processed foods
Beef high fat w o bones grilled (without salt and fat),,28g,0.098g,RED MEAT,BEEF,Unprocessed/Minimally processed foods
Beef high fat w o bones stewed (without salt),,37.6g,0.058g,RED MEAT,BEEF,Unprocessed/Minimally processed foods
Beef lean raw,,2.3g,0.107g,RED MEAT,BEEF,Unprocessed/Minimally processed foods
Beef lean boiled (without salt),,4.6g,0.099g,RED MEAT,BEEF,Unprocessed/Minimally processed foods
Beef lean grilled (without salt and fat),,3.1g,0.127g,RED MEAT,BEEF,Unprocessed/Minimally processed foods
Beef lean stewed (without salt),,4.3g,0.091g,RED MEAT,BEEF,Unprocessed/Minimally processed foods
Beef liver raw,,4.2g,0.075g,ORGAN MEAT,LIVER,Unprocessed/Minimally processed foods
Beef liver boiled (without salt),,6.4g,0.068g,ORGAN MEAT,LIVER,Unprocessed/Minimally processed foods
Beef medium fat w o bones raw,,7.2g,0.121g,RED MEAT,BEEF,Unprocessed/Minimally processed foods
Beef medium fat without bones boiled (without salt),,7.4g,0.091g,RED MEAT,BEEF,Unprocessed/Minimally processed foods
Beef medium fat without bones grilled (without salt and fat),,7.3g,0.143g,RED MEAT,BEEF,Unprocessed/Minimally processed foods
Beef medium fat without bones stewed (without salt),,11.3g,0.085g,RED MEAT,BEEF,Unprocessed/Minimally processed foods
Camel blood raw,,0.9g,0.313g,ORGAN MEAT,BLOOD,Unprocessed/Minimally processed foods
Camel Meat,,8.9g,0.049g,PROCESSED MEAT,CAMEL,Processed foods
Cow s blood raw,,0.9g,0.469g,ORGAN MEAT,BLOOD,Unprocessed/Minimally processed foods
Duck meat and skin fresh raw,,21.2g,0.082g,POULTRY,DUCK,Unprocessed/Minimally processed foods
Chicken unespecified part w o bone meat skin raw,,13g,0.068g,POULTRY,CHICKEN,Unprocessed/Minimally processed foods
Chicken unspecified part w o bone meat skin boiled (without salt),,14.6g,0.034g,POULTRY,CHICKEN,Unprocessed/Minimally processed foods
Chicken unspecified part w o bone meat skin grilled (without salt and fat),,14.7g,0.07g,POULTRY,CHICKEN,Unprocessed/Minimally processed foods
Egg chicken white (albumen) raw,,0g,0.143g,EGGS,EGGS,Unprocessed/Minimally processed foods
Egg chicken white (albumin) boiled (without salt),,0g,0.135g,EGGS,EGGS,Unprocessed/Minimally processed foods
Egg chicken whole raw,,8.1g,0.155g,EGGS,EGGS,Unprocessed/Minimally processed foods
Egg chicken whole boiled (without salt),,8.1g,0.147g,EGGS,EGGS,Unprocessed/Minimally processed foods
Egg chicken whole poached (without salt),,9.2g,0.167g,EGGS,EGGS,Unprocessed/Minimally processed foods
Egg chicken yolk raw,,28.2g,0.05g,EGGS,EGGS,Unprocessed/Minimally processed foods
Egg chicken yolk boiled (without salt),,28.2g,0.048g,EGGS,EGGS,Unprocessed/Minimally processed foods
Goat blood raw,,3.9g,0.216g,ORGAN MEAT,BLOOD,Unprocessed/Minimally processed foods
Goat lean raw,,4.3g,0.156g,RED MEAT,GOAT,Unprocessed/Minimally processed foods
Goat lean boiled (without salt),,6.4g,0.137g,RED MEAT,GOAT,Unprocessed/Minimally processed foods
Goat lean grilled (without salt and fat),,6.2g,0.189g,RED MEAT,GOAT,Unprocessed/Minimally processed foods
Goat liver raw,,3.9g,0.064g,ORGAN MEAT,LIVER,Unprocessed/Minimally processed foods
Goat liver boiled (without salt),,6g,0.058g,ORGAN MEAT,LIVER,Unprocessed/Minimally processed foods
Goat medium fat raw,,8.6g,0.121g,RED MEAT,GOAT,Unprocessed/Minimally processed foods
Goat medium fat boiled (without salt),,9.4g,0.106g,RED MEAT,GOAT,Unprocessed/Minimally processed foods
Goat medium fat grilled (without salt and fat),,9.3g,0.147g,RED MEAT,GOAT,Unprocessed/Minimally processed foods
Guinea fowl meat with skin,,3.2g,0.058g,POULTRY,GUINEA FOWL,Unprocessed/Minimally processed foods
Lamb liver raw,,7.5g,0.067g,RED MEAT,LAMB,Unprocessed/Minimally processed foods
Lamb liver boiled (without salt),,7.8g,0.061g,RED MEAT,LAMB,Unprocessed/Minimally processed foods
Lamb raw (unspecified part),,22.7g,0.06g,RED MEAT,LAMB,Unprocessed/Minimally processed foods
Lamb unspecified part boiled (without salt),,26.9g,0.054g,RED MEAT,LAMB,Unprocessed/Minimally processed foods
Lamb unspecified part grilled (without salt and fat),,26.6g,0.074g,RED MEAT,LAMB,Unprocessed/Minimally processed foods
Pork meat raw (unspecified part),,23.5g,0.058g,RED MEAT,PORK,Unprocessed/Minimally processed foods
Pork meat unspecified part boiled (without salt),,28.6g,0.04g,RED MEAT,PORK,Unprocessed/Minimally processed foods
Pork meat unspecified part grilled (without salt and fat),,27.6g,0.075g,RED MEAT,PORK,Unprocessed/Minimally processed foods
Rabbit meat raw,,4.8g,0.053g,RED MEAT,RABBIT,Unprocessed/Minimally processed foods
Rabbit meat stewed (without salt),,7.1g,0.047g,RED MEAT,RABBIT,Unprocessed/Minimally processed foods
Rabbit meat roasted (without salt and fat),,5.5g,0.051g,RED MEAT,RABBIT,Unprocessed/Minimally processed foods
Sausage beef raw,,16.3g,0.679g,PROCESSED MEAT,SAUSAGE,Ultra-processed foods
Sausage beef grilled (without salt and fat),,17g,0.815g,PROCESSED MEAT,BEEF,Processed foods
Sausage frankfurters,,25g,1g,PROCESSED MEAT,SAUSAGE,Ultra-processed foods
Sausage frankfurters boiled (without salt),,25.3g,0.876g,PROCESSED MEAT,SAUSAGE,Ultra-processed foods
Sausage liver raw,,28.5g,0.9g,PROCESSED MEAT,SAUSAGE,Ultra-processed foods
Sausage liver grilled (without salt and fat),,33.3g,1.08g,PROCESSED MEAT,SAUSAGE,Ultra-processed foods
Sausage pork raw,,32g,0.72g,RED MEAT,PORK,Unprocessed/Minimally processed foods
Sausage pork boiled (without salt),,33.6g,0.665g,RED MEAT,PORK,Unprocessed/Minimally processed foods
Sausage pork grilled (without salt and fat),,39g,0.9g,RED MEAT,PORK,Unprocessed/Minimally processed foods
Quail flesh skin raw,,11.5g,0.049g,POULTRY,QUAIL,Unprocessed/Minimally processed foods
Cod fillet raw,,0.6g,0.079g,PROCESSED FISH,COD,Unprocessed/Minimally processed foods
Cod fillet steamed (without salt),,0.7g,0.082g,PROCESSED FISH,COD,Unprocessed/Minimally processed foods
Cod fillet grilled (without salt and fat),,0.8g,0.09g,PROCESSED FISH,COD,Unprocessed/Minimally processed foods
Cod fillet boiled in recipe (without salt and fat),,0.7g,0.097g,PROCESSED FISH,COD,Unprocessed/Minimally processed foods
Dagaa fish (omena) dried raw,,10.6g,0.3g,PROCESSED FISH,DAGAA/OMENA,Unprocessed/Minimally processed foods
Dagaa fish (omena) dried stewed (without salt),,4.8g,0.136g,PROCESSED FISH,DAGAA/OMENA,Unprocessed/Minimally processed foods
Eel raw,,11.7g,0.0705g,PROCESSED FISH,EEL,Unprocessed/Minimally processed foods
Eel steamed (without salt),,12.6g,0.072g,PROCESSED FISH,EEL,Unprocessed/Minimally processed foods
Eel grilled (without salt and fat),,13.1g,0.078g,PROCESSED FISH,EEL,Unprocessed/Minimally processed foods
Eel boiled in recipe (without salt and fat),,14g,0.085g,PROCESSED FISH,EEL,Unprocessed/Minimally processed foods
Herring stock raw,,4.3g,0.095g,PROCESSED FISH,HERRING,Unprocessed/Minimally processed foods
Herring stock steamed (without salt),,5.2g,0.097g,PROCESSED FISH,HERRING,Unprocessed/Minimally processed foods
Herring stock grilled (without salt),,5.6g,0.105g,PROCESSED FISH,HERRING,Unprocessed/Minimally processed foods
Herring stock boiled in recipe (without salt and fat),,5.2g,0.114g,PROCESSED FISH,HERRING,Unprocessed/Minimally processed foods
Lungfish fillet raw,,1g,0.091g,PROCESSED FISH,LUNGFISH,Unprocessed/Minimally processed foods
Lungfish fillet steamed (without salt),,1.2g,0.093g,PROCESSED FISH,LUNGFISH,Unprocessed/Minimally processed foods
Lungfish fillet grilled (without salt and fat),,1.3g,0.1g,PROCESSED FISH,LUNGFISH,Unprocessed/Minimally processed foods
Lungfish fillet boiled in recipe (without salt and fat),,1.2g,0.109g,PROCESSED FISH,LUNGFISH,Unprocessed/Minimally processed foods
Mudfish (kamongo) fillet raw,,3.5g,0.041g,PROCESSED FISH,MUDFISH (KAMONGO),Unprocessed/Minimally processed foods
Mudfish (kamongo) fillet steamed (without salt),,4.2g,0.042g,PROCESSED FISH,MUDFISH (KAMONGO),Unprocessed/Minimally processed foods
Mudfish (kamongo) fillet grilled (without salt and fat),,4.5g,0.045g,PROCESSED FISH,MUDFISH (KAMONGO),Unprocessed/Minimally processed foods
Mudfish (kamongo) fillet boiled in recipe (without salt and fat),,4.2g,0.049g,PROCESSED FISH,MUDFISH (KAMONGO),Unprocessed/Minimally processed foods
Mackerel raw,,5.9g,0.066g,PROCESSED FISH,MACKEREL,Unprocessed/Minimally processed foods
Nile perch dry raw,,10.7g,0.376g,PROCESSED FISH,NILE PERCH,Unprocessed/Minimally processed foods
Nile perch fillet w o bones raw,,0.9g,0.097g,PROCESSED FISH,NILE PERCH,Unprocessed/Minimally processed foods
Nile tilapia fillet w o skin and bones raw,,1.5g,0.064g,PROCESSED FISH,TILAPIA,Unprocessed/Minimally processed foods
Prawns flesh raw,,1.1g,0.191g,PROCESSED FISH,PRAWNS/SHRIMP,Unprocessed/Minimally processed foods
Prawns fresh steamed (without salt),,1.3g,0.196g,PROCESSED FISH,PRAWNS/SHRIMP,Unprocessed/Minimally processed foods
Prawns fresh grilled (without salt and fat),,1.3g,0.223g,PROCESSED FISH,PRAWNS/SHRIMP,Unprocessed/Minimally processed foods
Prawns fresh boiled in recipe (without salt and fat),,1.3g,0.196g,PROCESSED FISH,PRAWNS/SHRIMP,Unprocessed/Minimally processed foods
Sardine flesh raw,,7.4g,0.038g,PROCESSED FISH,SARDINES,Unprocessed/Minimally processed foods
Sardine fresh steamed (without salt),,7.4g,0.038g,PROCESSED FISH,SARDINES,Unprocessed/Minimally processed foods
Sardine fresh grilled (without salt and fat),,7.5g,0.045g,PROCESSED FISH,SARDINES,Unprocessed/Minimally processed foods
Sardine fresh boiled in recipe (without salt and fat),,8.7g,0.045g,PROCESSED FISH,SARDINES,Unprocessed/Minimally processed foods
Shark raw,,0.8g,0.06363g,PROCESSED FISH,SHARK,Unprocessed/Minimally processed foods
Shark steamed (without salt),,1g,0.065g,PROCESSED FISH,SHARK,Unprocessed/Minimally processed foods
Shark grilled (without salt and fat),,1.1g,0.07g,PROCESSED FISH,SHARK,Unprocessed/Minimally processed foods
Shark boiled in recipe (without salt and fat),,1g,0.077g,PROCESSED FISH,SHARK,Unprocessed/Minimally processed foods
Tuna raw,,2g,0.05g,PROCESSED FISH,TUNA (FRESH),Unprocessed/Minimally processed foods
Tuna steamed (without salt),,2.5g,0.053g,PROCESSED FISH,TUNA (FRESH),Unprocessed/Minimally processed foods
Tuna grilled (without salt and fat),,2.7g,0.057g,PROCESSED FISH,TUNA (FRESH),Unprocessed/Minimally processed foods
Tuna boiled in recipe (without salt and fat),,2.5g,0.063g,PROCESSED FISH,TUNA (FRESH),Unprocessed/Minimally processed foods
Animal fat lard,,99g,0.002g,COOKING FAT,LARD/ANIMAL FAT,Processed Culinary Ingredients
Corn oil,,99.9g,0g,COOKING OIL,CORN/MAIZE OIL,Processed Culinary Ingredients
Fish liver oil,,100g,0g,COOKING OIL,FISH LIVER OIL,Processed Culinary Ingredients
Margarine fat,,19.5g,0.733g,COOKING FAT,MARGARINE,Ultra-processed foods
Mustard seed oil,,100g,0g,HERBS AND SPICES,SPICES - MUSTARD,Unprocessed/Minimally processed foods
Olive oil,,100g,0g,COOKING OIL,OLIVE OIL,Processed Culinary Ingredients
Peanut oil,,100g,0g,"PULSES - PEAS, LENTILS, BEANS",RAW PEANUTS,Unprocessed/Minimally processed foods
Red palm oil,,99g,0g,COOKING OIL,PALM OIL,Processed Culinary Ingredients
Shortening commercial vegetable fat,,100g,0.001g,COOKING FAT,VEGETABLE FAT,Processed Culinary Ingredients
Soya bean oil,,100g,0g,"PULSES - PEAS, LENTILS, BEANS",SOYA BEANS,Unprocessed/Minimally processed foods
Sun flower oil,,100g,0g,COOKING OIL,SUNFLOWER OIL,Processed Culinary Ingredients
Bambara groundnuts dried raw,,6g,0.002g,"PULSES - PEAS, LENTILS, BEANS",BAMBARA GROUNDNUTS,Unprocessed/Minimally processed foods
Coconut fresh mature fruit flesh,,39g,0.029g,FRUITS,COCONUT,Unprocessed/Minimally processed foods
Coconut fresh young or immature flesh,,10.8g,0.012g,FRUITS,COCONUT,Unprocessed/Minimally processed foods
Coconut meat dried (desiccated),,63.7g,0.0365g,FRUITS,COCONUT,Unprocessed/Minimally processed foods
Jack fruit seed mature dry raw,,0.6g,0.008g,FRUITS,JACKFRUIT,Unprocessed/Minimally processed foods
Mustard Seeds Dry Raw,,39.7g,0.002g,HERBS AND SPICES,SPICES - MUSTARD,Unprocessed/Minimally processed foods
Nut almond with or without skin raw unsalted,,52.8g,0.001g,SALTED/SUGARED NUTS,ALMONDS,Unprocessed/Minimally processed foods
Nut cashew dry raw unsalted,,48g,0.011g,SALTED/SUGARED NUTS,CASHEWS,Unprocessed/Minimally processed foods
Nut ground nut with skin unsalted dry raw,,48.4g,0.001g,"PULSES - PEAS, LENTILS, BEANS",RAW PEANUTS,Unprocessed/Minimally processed foods
Nut macadamia raw unsalted,,70.9g,0.005g,SALTED/SUGARED NUTS,MACADAMIA,Unprocessed/Minimally processed foods
Nut pistachio raw unsalted,,48g,0.005g,SALTED/SUGARED NUTS,PISTACHIOS,Unprocessed/Minimally processed foods
Peanut Butter,,48.4g,0.001g,"PULSES - PEAS, LENTILS, BEANS",RAW PEANUTS,Unprocessed/Minimally processed foods
Seed pumpkin hulled dried unsalted,,47.6g,0.019g,VEGETABLES,PUMPKIN,Unprocessed/Minimally processed foods
Seed sesame (sim sim) unsalted dry raw,,54.1g,0.007g,SALTED/SUGARED NUTS,SESAME SEEDS,Unprocessed/Minimally processed foods
Seed sunflower unsalted dry raw,,49.9g,0g,SALTED/SUGARED NUTS,SUNFLOWER SEEDS,Unprocessed/Minimally processed foods
Water Melon Seed Kernel Dry Raw,,47.5g,0.099g,FRUITS,WATER MELONS,Unprocessed/Minimally processed foods
Honey Raw,,0g,0.017g,HONEY,HONEY,Unprocessed/Minimally processed foods
Sugarcane Juice Raw,,0.2g,0.001g,FRESH/FRUIT JUICES - NO ADDED SUGAR,FRESH/FRUIT JUICES - NO ADDED SUGAR,Unprocessed/Minimally processed foods
Sugar white granulated or lump,,0g,0g,SUGAR,WHITE SUGAR,Processed Culinary Ingredients
Beef broth,,0.3g,0.266g,COOKING SAUCES,STOCK/BROTH,Processed foods
Coconut fresh water,,0.1g,0.005g,WATER,COCONUT WATER,Unprocessed/Minimally processed foods
Coffee instant dry powder or granules,,1g,0.083g,COFFEE,COFFEE - UNSWEETENED WITHOUT MILK,Processed foods
Drinking chocolate powder,,30.9g,0.12g,COCOA,COCOA - SWEETENED WITH MILK,Ultra-processed foods
Tea chai instant dry powder,,0g,0.072g,TEA,TEA - UNSWEETENED WITHOUT MILK,Processed foods
Water tap,,0g,0.003g,WATER,DRINKING WATER,Unprocessed/Minimally processed foods
Wine Red,,0g,0.01g,ALCOHOLIC BEVERAGES,RED WINE,Ultra-processed foods
Wine White Dry,,0g,0.014g,ALCOHOLIC BEVERAGES,WHITE WINE,Ultra-processed foods
Wine White Sweet,,0g,0.02g,ALCOHOLIC BEVERAGES,WHITE WINE,Ultra-processed foods
Anise seed,,15.9g,0.016g,HERBS AND SPICES,SPICES - ANISE,Unprocessed/Minimally processed foods
Baking powder dry powder,,0.2g,8.85g,BAKING ADDITIVES,BAKING POWDER,Processed Culinary Ingredients
Baking soda (bicarbonate) dry powder,,0g,27.4g,BAKING ADDITIVES,BAKING SODA,Processed Culinary Ingredients
Bay leaf dried,,8.4g,0.023g,HERBS AND SPICES,HERBS - BAY LEAVES,Unprocessed/Minimally processed foods
Cardamom seeds ground,,6.7g,0.018g,HERBS AND SPICES,SPICES - CARDAMON,Unprocessed/Minimally processed foods
Chilli fresh raw,,0.4g,0.003g,VEGETABLES,CHILLI (FRESH),Unprocessed/Minimally processed foods
Chilli dried,,9.9g,0.019g,HERBS AND SPICES,SPICES - CHILLIES,Unprocessed/Minimally processed foods
Cinnamon dried ground,,2.6g,0.017g,HERBS AND SPICES,SPICES - CINNAMON,Unprocessed/Minimally processed foods
Cloves dry raw,,10.4g,0.183g,HERBS AND SPICES,SPICES - CLOVES,Unprocessed/Minimally processed foods
Coconut Milk,,14.3g,0.019g,PLANT MILK,COCONUT MILK,Processed foods
Coriander Leaves fresh raw,,0.7g,0.04g,HERBS AND SPICES,HERBS - CORIANDER/DHANIA,Unprocessed/Minimally processed foods
Coriander seed dried ground,,18.8g,0.027g,HERBS AND SPICES,HERBS - CORIANDER/DHANIA,Unprocessed/Minimally processed foods
Cumin seeds dried raw,,25.8g,0.124g,HERBS AND SPICES,SPICES - CUMIN,Unprocessed/Minimally processed foods
Curry leaves fresh raw,,1.3g,0.019g,HERBS AND SPICES,HERBS - CURRY LEAVES,Unprocessed/Minimally processed foods
Curry powder,,13.8g,0.052g,HERBS AND SPICES,SPICES - CURRY POWDER,Unprocessed/Minimally processed foods
Fenugreek leaves fresh raw,,0.2g,0.066g,HERBS AND SPICES,HERBS - FENUGREEK,Unprocessed/Minimally processed foods
Fenugreek seeds raw,,6.4g,0.048g,HERBS AND SPICES,SPICES - FENUGREEK,Unprocessed/Minimally processed foods
Garam masala,,15.1g,0.097g,HERBS AND SPICES,SPICES - GARAM MASALA,Unprocessed/Minimally processed foods
Garlic peeled or unpeeled fresh raw,,2.8g,0.008g,HERBS AND SPICES,SPICES - GARLIC,Unprocessed/Minimally processed foods
Ginger dried ground,,4.5g,0.05g,HERBS AND SPICES,SPICES - GINGER,Unprocessed/Minimally processed foods
Green Ginger (Mature) fresh raw,,1.1g,0.018g,HERBS AND SPICES,SPICES - GINGER,Unprocessed/Minimally processed foods
Mint Leaves fresh raw,,1.1g,0.028g,HERBS AND SPICES,HERBS - MINT,Unprocessed/Minimally processed foods
Onion mature red skinned peeled fresh raw,,0.1g,0.005g,VEGETABLES,ONIONS,Unprocessed/Minimally processed foods
Onion spring raw,,0.3g,0.012g,VEGETABLES,ONIONS,Unprocessed/Minimally processed foods
Parsley fresh raw,,0.2g,0.054g,HERBS AND SPICES,HERBS - PARSLEY,Unprocessed/Minimally processed foods
Pepper ground black dry raw,,2.7g,0.025g,HERBS AND SPICES,SPICES - BLACK PEPPER,Unprocessed/Minimally processed foods
Salt Iodized,,0g,38.5g,SALT,TABLE SALT (IODIZED),Processed Culinary Ingredients
Spice mixed or all spice,,16.3g,0.09g,HERBS AND SPICES,SPICES - MIXED SPICES,Unprocessed/Minimally processed foods
Tamarind fruit dry raw,,0.6g,0.025g,FRUITS,TAMARIND,Unprocessed/Minimally processed foods
Tamarind fruit fresh raw,,0.2g,0.025g,FRUITS,TAMARIND,Unprocessed/Minimally processed foods
Tomato sauce (Ketchup),,0.2g,0.918g,TABLE SAUCES,TOMATO KETCHUP,Ultra-processed foods
Tomato paste with added salt,,0.3g,0.63g,TOMATO PASTE,TOMATO PASTE,Processed foods
Tomato soup condensed canned,,0.3g,0.545g,COOKING SAUCES,TOMATO SAUCE,Processed foods
Turmeric dried ground,,3.1g,0.025g,HERBS AND SPICES,SPICES - TURMERIC,Unprocessed/Minimally processed foods
Yeast dry powder,,4.9g,0.05g,BAKING ADDITIVES,YEAST,Processed Culinary Ingredients
Grasshopper Brown Fresh Raw,,12.8g,0.066g,EDIBLE INSECTS,GRASSHOPPER/LOCUST,Unprocessed/Minimally processed foods
Grasshopper Green Fresh Raw,,16.3g,0.121g,EDIBLE INSECTS,GRASSHOPPER/LOCUST,Unprocessed/Minimally processed foods
Termite Dry Raw,,43.6g,1.969g,EDIBLE INSECTS,TERMITES,Unprocessed/Minimally processed foods
Termite Fresh Raw,,27g,0.004g,EDIBLE INSECTS,TERMITES,Unprocessed/Minimally processed foods
Maize Porridge,,1.1g,0.01g,BABY FOODS - PORRIDGE FLOUR,PORRIDGE FLOUR - MAIZE,Processed foods
Sorghum Finger Millet and Maize Porridge,,0.9g,0.01g,BABY FOODS - PORRIDGE FLOUR,PORRIDGE FLOUR - MAIZE,Processed foods
Kaimati (Fried Dumplings),,21.8g,0.004g,PASTRIES,PASTRIES - DOUGHNUT,Processed foods
Mahamri (Swahili Doughnuts),,22.1g,0.004g,PASTRIES,PASTRIES - DOUGHNUT,Processed foods
Whole Maize Flour Ugali,,1.8g,0.007g,MAIZE/CORN FLOUR,MAIZE FLOUR,Unprocessed/Minimally processed foods
"""Brown"" Maize and Finger Millet Flour Ugali",,1.3g,0.006g,MAIZE/CORN FLOUR,MAIZE FLOUR,Unprocessed/Minimally processed foods
Maize Red Sorghum and Finger Millet Ugali,,1.4g,0.006g,MAIZE/CORN FLOUR,MAIZE FLOUR,Unprocessed/Minimally processed foods
Cassava and Red Sorghum Ugali,,0.8g,0.009g,CEREAL GRAINS,UGALI,Processed foods
Refined Maize Flour Ugali,,1.9g,0.008g,MAIZE/CORN FLOUR,MAIZE FLOUR,Unprocessed/Minimally processed foods
Red Sorghum Maize flour Finger Millet Ugali,,0.7g,0.005g,MAIZE/CORN FLOUR,MAIZE FLOUR,Unprocessed/Minimally processed foods
Cassava Ugali,,0.3g,0.02g,CEREAL GRAINS,UGALI,Processed foods
Cassava Millet Sorghum Porridge,,0.1g,0.006g,BABY FOODS - PORRIDGE FLOUR,PORRIDGE FLOUR - SORGHUM,Processed foods
Cassava Porridge (Uji wa Muhogo),,0g,0.005g,BABY FOODS - PORRIDGE FLOUR,PORRIDGE FLOUR - CASSAVA,Processed foods
Finger Millet Porridge (Uji wa Wimbi),,0.2g,0.004g,BABY FOODS - PORRIDGE FLOUR,PORRIDGE FLOUR - MILLET,Processed foods
Bulrush Millet Porridge (Uji wa Mawele),,1g,0.005g,BABY FOODS - PORRIDGE FLOUR,PORRIDGE FLOUR - MILLET,Processed foods
Rice Flour Porridge (Uji wa Mchele),,1.3g,0.005g,WHEAT FLOUR,RICE FLOUR,Unprocessed/Minimally processed foods
"""Omena"" (Silver Sardine Stew)",,13.3g,0.449g,PROCESSED FISH,DAGAA/OMENA,Unprocessed/Minimally processed foods
"""Busara"" (Whole Maize and Finger Millet Porridge)",,0.3g,0.004g,BABY FOODS - PORRIDGE FLOUR,PORRIDGE FLOUR - MILLET,Processed foods
White Chapati,,21.1g,0.1g,BREADS,PRE-PREPARED CHAPATI,Processed foods
Brown Chapati,,22.9g,0.12g,BREADS,PRE-PREPARED CHAPATI,Processed foods
Hard boiled eggs,,8.3g,0.15g,EGGS,EGGS,Unprocessed/Minimally processed foods
Fried Egg,,17.9g,0.717g,EGGS,EGGS,Unprocessed/Minimally processed foods
Omelette,,7.8g,0.189g,EGGS,EGGS,Unprocessed/Minimally processed foods
Spanish Omelette,,12.9g,0.409g,EGGS,EGGS,Unprocessed/Minimally processed foods
Meat Samosa,,22.2g,0.175g,FAST FOODS,SAMOSA,Processed foods
Vegetable Samosa,,13.1g,0.243g,FAST FOODS,SAMOSA,Processed foods
Pancakes,,8.5g,0.037g,PASTRIES,PANCAKES,Processed foods
Egg Toast,,10.7g,0.587g,BREADS,BROWN BREAD,Processed foods
Drop Scones,,29.8g,0.116g,PASTRIES,SCONES,Processed foods
"""Terere"" (Amaranth)",,5.3g,0.161g,BABY FOODS - PORRIDGE FLOUR,PORRIDGE FLOUR - MILLET,Unprocessed/Minimally processed foods
Sukumawiki,,3.2g,0.123g,VEGETABLES,KALES (SUKUMA WIKI),Unprocessed/Minimally processed foods
Stir fried Cabbage,,8.6g,0.51g,VEGETABLES,CABBAGE,Processed foods
Jute Mallow (Mrenda) Pumpkin Leaves,,2.3g,0.18g,VEGETABLES,JUTE MALLOW (MRENDA),Processed foods
Pumpkin Leaves,,6.7g,0.332g,VEGETABLES,MITHO (PUMPKIN LEAVES),Unprocessed/Minimally processed foods
Saget Terere Managu (Spider plant Amaranth African Nightshade),,1.9g,0.174g,VEGETABLES,SAGET (SPIDER PLANT),Unprocessed/Minimally processed foods
Pilau,,9.4g,0.349g,CEREAL GRAINS,WHITE RICE,Unprocessed/Minimally processed foods
Mseto wa Ndengu,,1.3g,0.059g,"PULSES - PEAS, LENTILS, BEANS",GREEN GRAMS,Processed foods
Mseto wa Maharagwe,,7.9g,0.356g,"PULSES - PEAS, LENTILS, BEANS",BEAN STEW,Processed foods
Vine spinach,,5.2g,0.17g,VEGETABLES,SPINACH,Processed foods
Fiqe (Red Sorghum Beans and Teff Flour),,5.8g,0.495g,CEREAL GRAINS,TEFF,Unprocessed/Minimally processed foods
Qanchibelo (Beef Maize Wheat Flour),,3.1g,0.225g,MAIZE/CORN FLOUR,MAIZE FLOUR,Unprocessed/Minimally processed foods
"Qita ""Maize wheat flour pancake""",,5.6g,0.158g,MAIZE/CORN FLOUR,MAIZE FLOUR,Unprocessed/Minimally processed foods
Gurdo Marqa (Ugali in Sour Milk),,9.6g,0.268g,CEREAL GRAINS,UGALI,Processed foods
Green Gram Stew,,4.2g,0.243g,"PULSES - PEAS, LENTILS, BEANS",GREEN GRAMS,Unprocessed/Minimally processed foods
Bean Stew,,1.4g,0.165g,"PULSES - PEAS, LENTILS, BEANS",BEAN STEW,Processed foods
Lentil Stew,,3g,0.275g,"PULSES - PEAS, LENTILS, BEANS",LENTILS,Unprocessed/Minimally processed foods
Camel Meat (Nyirinyiri),,33.6g,0.346g,PROCESSED MEAT,CAMEL,Processed foods
Mbuboyi (Blood Cooked in Fresh Milk),,2g,0.361g,MILK DRINKS,FRESH MILK,Unprocessed/Minimally processed foods
Ugali (Cassava finger millet sorghum flour),,0.6g,0.011g,CEREAL GRAINS,UGALI,Processed foods
Yam Stew,,2.4g,0.347g,ROOT VEGETABLES,YAM,Processed foods
Githeri (stewed Maize Beans),,4.2g,0.233g,CEREAL GRAINS,GITHERI (MAIZE & BEANS),Processed foods
Mukimo (Maize Beans Potatoes Pumpkin Leaves),,0.7g,0.266g,VEGETABLES,MITHO (PUMPKIN LEAVES),Unprocessed/Minimally processed foods
Githeri (Fresh Maize Beans),,7.2g,0.335g,CEREAL GRAINS,GITHERI (MAIZE & BEANS),Processed foods
Matoke (Stewed Green Bananas Meat),,4.1g,0.381g,FRUITS,GREEN BANANAS,Processed foods
Mukimo (Fresh Maize Potato Pumpkin Leaves),,1g,0.336g,VEGETABLES,MITHO (PUMPKIN LEAVES),Unprocessed/Minimally processed foods
Stewed Potatoes Arrowroots,,2.1g,0.173g,ROOT VEGETABLES,ARROWROOTS,Unprocessed/Minimally processed foods
Mukimo wa Njahi (Black Beans Green Bananas Potatoes),,0.6g,0.273g,"PULSES - PEAS, LENTILS, BEANS",BLACK BEANS (NJAHI),Processed foods
Githeri (Fresh beans and Maize),,7.6g,0.433g,CEREAL GRAINS,GITHERI (MAIZE & BEANS),Processed foods
Mashed Potato and Bananas,,8.5g,0.544g,ROOT VEGETABLES,POTATO,Processed foods
Mukimo wa Njahi (Raw Ripe Bananas),,0.6g,0.229g,"PULSES - PEAS, LENTILS, BEANS",BLACK BEANS (NJAHI),Processed foods
Groundnut Sauce,,23.4g,0.492g,COOKING SAUCES,PEANUT SAUCE,Processed foods
Vimumunya vya Chumvi (Pumpkin Coconut Milk),,4.9g,0.325g,PLANT MILK,COCONUT MILK,Processed foods
Vinolo (Banana and Maize Flour Ugali),,0.9g,0.009g,MAIZE/CORN FLOUR,MAIZE FLOUR,Unprocessed/Minimally processed foods
Biryani rice,,3.2g,0.18g,CEREAL GRAINS,WHITE RICE,Unprocessed/Minimally processed foods
Biryani stew,,14.3g,0.48g,CEREAL GRAINS,WHITE RICE,Processed foods
Vimumunya vya Sukari (Sweetened Pumpkin Coconut Milk),,3g,0.015g,PLANT MILK,COCONUT MILK,Processed foods
Wukunu (sweet potatoes dehulled black beans,,0.6g,0.229g,"PULSES - PEAS, LENTILS, BEANS",BLACK BEANS (NJAHI),Unprocessed/Minimally processed foods
Mushenye (Green Maize and Sweet Potatoes),,4.1g,0.242g,CEREAL GRAINS,MAIZE GRAIN,Unprocessed/Minimally processed foods
Ingokho (Stewed Chicken),,12.3g,0.482g,POULTRY,CHICKEN,Unprocessed/Minimally processed foods
Malesele (Cow Blood with Sour Milk) (Check),,21.2g,1.07g,ORGAN MEAT,BLOOD,Processed foods
Tsiswa (Termites),,38.8g,2.28g,EDIBLE INSECTS,TERMITES,Unprocessed/Minimally processed foods
Ingokho (Fried Chicken),,35.3g,0.932g,POULTRY,CHICKEN,Unprocessed/Minimally processed foods
Boiled Rice,,2g,0.216g,CEREAL GRAINS,WHITE RICE,Unprocessed/Minimally processed foods
Onion Fried Rice (Wali wa Yasmin),,5.1g,0.275g,CEREAL GRAINS,WHITE RICE,Unprocessed/Minimally processed foods
Stir fried Spinach,,5.4g,0.87g,VEGETABLES,SPINACH,Processed foods
Thabai Thaa (Stinging Nettle),,2.4g,0.312g,VEGETABLES,STINGING NETTLE (THABAI),Unprocessed/Minimally processed foods
Stewed Cowpea Leaves (Rhikhuvi),,13.3g,0.66g,VEGETABLES,COWPEA LEAVES (KUNDE),Processed foods
Stewed Kunde Mrenda (Cowpeas Leaves and Jute Mallow),,2g,0.761g,VEGETABLES,JUTE MALLOW (MRENDA),Processed foods
Stewed Mushrooms in Peanut Butter (Obwoba),,6.3g,0.822g,COOKING SAUCES,PEANUT SAUCE,Processed foods
Chai ya Maziwa (Mixed Tea),,1.2g,0.015g,TEA,TEA - SWEETENED WITH MILK,Processed foods
Stewed Dried Fish,,23.2g,0.572g,PROCESSED FISH,OTHER FISH,Processed foods
Kimanga (Smoked Green Bananas and Kidney Beans),,0.9g,0.485g,ROOT VEGETABLES,SWEET POTATO,Processed foods
Mashed Cassava and Pigeon Peas,,0.6g,0.303g,ROOT VEGETABLES,CASSAVA,Processed foods
Ndoto (Red Kidney Beans Red Sorghum),,7.9g,0.27g,"PULSES - PEAS, LENTILS, BEANS",KIDNEY BEANS,Unprocessed/Minimally processed foods
Muthokoi (Dehusked Maize and Beans),,5.9g,0.325g,MAIZE/CORN FLOUR,MAIZE FLOUR,Unprocessed/Minimally processed foods
Beef Stew,,10.4g,0.315g,PROCESSED MEAT,BEEF,Processed foods
Munono (Cow blood beef cow fat),,50.3g,0.286g,ORGAN MEAT,BLOOD,Unprocessed/Minimally processed foods
Fresh blood and Fresh milk,,3.1g,0.148g,MILK DRINKS,FRESH MILK,Unprocessed/Minimally processed foods
Kimanga (Mashed Sweet Potato Black Beans),,0.5g,0.276g,ROOT VEGETABLES,SWEET POTATO,Processed foods
Kitojo (Sweet Potato Leaves),,12.7g,0.648g,VEGETABLES,SWEET POTATO LEAVES,Processed foods
Pigeon Peas Stew,,4.4g,0.281g,"PULSES - PEAS, LENTILS, BEANS",PIGEON PEAS,Processed foods
Nchenga Nzenga (Crushed Maize),,3.9g,0.552g,CEREAL GRAINS,MAIZE GRAIN,Unprocessed/Minimally processed foods
Mseto wa Viazi (Potatoes in Rice),,1.9g,0.131g,ROOT VEGETABLES,POTATO,Processed foods
Stewed Guinea Fowl,,9g,0.736g,POULTRY,GUINEA FOWL,Unprocessed/Minimally processed foods
Fried tilapia,,28.1g,0.149g,PROCESSED FISH,TILAPIA,Processed foods
Stewed Green Bananas,,3.8g,0.1g,FRUITS,GREEN BANANAS,Processed foods
Stir Fried Beef,,14.1g,0.682g,PROCESSED MEAT,BEEF,Processed foods
Stir Fried Goat Meat,,23.3g,0.221g,PROCESSED MEAT,GOAT,Processed foods
Finger Millet Ugali,,0.7g,0.003g,CEREAL GRAINS,UGALI,Processed foods
Omena Stew,,39.3g,0.09g,PROCESSED FISH,DAGAA/OMENA,Processed foods
Aluru (Stewed Quails),,14.2g,0.761g,POULTRY,QUAIL,Processed foods
Mashed Potatoes,,0.2g,0.33g,FAST FOODS,PRE-PREPARED BEEF,Processed foods
Mashed Bananas,,0.3g,0.348g,FRUITS,RIPE BANANAS,Unprocessed/Minimally processed foods
Enriched Mashed Potatoes,,6.2g,0.209g,FAST FOODS,PRE-PREPARED BEEF,Processed foods
Enriched Mashed Bananas,,7.8g,0.276g,FRUITS,RIPE BANANAS,Unprocessed/Minimally processed foods
Stewed Nile Perch,,6.3g,0.596g,PROCESSED FISH,NILE PERCH,Processed foods
Stewed Goat Meat,,14.6g,0.783g,PROCESSED MEAT,GOAT,Processed foods
Pan Fried Sweet Potatoes,,13.9g,0.016g,ROOT VEGETABLES,SWEET POTATO,Unprocessed/Minimally processed foods
Potato Chips,,13.6g,0.013g,SWEET AND SAVOURY SNACKS,POTATO CRISPS,Processed foods
Kimito (Mashed Beans Potatoes),,0.8g,0.359g,ROOT VEGETABLES,MUKIMO (MASHED MIX),Processed foods
Arrowroot Stew,,2.3g,0.25g,ROOT VEGETABLES,ARROWROOTS,Unprocessed/Minimally processed foods
Sweet Potatoes with Peanut Butter,,4.4g,0.13g,ROOT VEGETABLES,SWEET POTATO,Processed foods
Black Bean Stew,,1.3g,0.164g,"PULSES - PEAS, LENTILS, BEANS",BLACK BEANS (NJAHI),Processed foods
Bean Stew with Milk and Cream,,4.5g,0.273g,"PULSES - PEAS, LENTILS, BEANS",BEAN STEW,Processed foods
Rice with Milk,,5.7g,0.419g,BREAKFAST CEREALS,RICE FLAKE CEREALS,Processed foods
Pan Fried Arrowroots,,5.2g,0.616g,ROOT VEGETABLES,ARROWROOTS,Unprocessed/Minimally processed foods
Nyenyi (Mashed Pigeon Peas Green Maize),,2.3g,0.273g,CEREAL GRAINS,MAIZE GRAIN,Unprocessed/Minimally processed foods
Finger Millet and Sorghum Porridge,,2.2g,0.023g,BABY FOODS - PORRIDGE FLOUR,PORRIDGE FLOUR - SORGHUM,Processed foods
Mashed Pumpkin and Black Nightshade,,2.4g,0.411g,VEGETABLES,MANAGU (BLACK NIGHTSHADE),Processed foods
Enriched Matoke,,3.5g,0.22g,FRUITS,GREEN BANANAS,Processed foods
Oatmeal,,1.7g,0.209g,BREAKFAST CEREALS,OATS,Unprocessed/Minimally processed foods
Oat Porridge,,1.6g,0.014g,BREAKFAST CEREALS,OATS,Unprocessed/Minimally processed foods
Enriched Mandazi,,16.1g,0.08g,PASTRIES,PASTRIES - MANDAZI,Processed foods
Basic Mandazi,,12.9g,0.241g,PASTRIES,PASTRIES - MANDAZI,Processed foods
Stewed Split Dal,,1.9g,0.459g,"PULSES - PEAS, LENTILS, BEANS",LENTILS,Processed foods
Potato Curry,,7g,0.537g,ROOT VEGETABLES,POTATO,Processed foods
Peas and Brinjal Curry,,8.5g,0.52g,VEGETABLES,EGGPLANTS,Processed foods
Steamed Rice,,0.3g,0.521g,CEREAL GRAINS,WHITE RICE,Unprocessed/Minimally processed foods
Rotli (Indian Chapati),,16.7g,0.354g,BREADS,PRE-PREPARED CHAPATI,Processed foods
Potato Bhajia,,31g,0.587g,ROOT VEGETABLES,POTATO,Processed foods
Chaas (Diluted Yoghurt),,2.2g,0.262g,FLAVOURED FERMENTED MILK,YOGURT (PLAIN),Processed foods
Siro (Semolina Nuts),,26.1g,0.024g,WHEAT FLOUR,SEMOLINA,Unprocessed/Minimally processed foods
Minced Meat Balls,,5.4g,0.321g,PROCESSED MEAT,BEEF MINCE,Processed foods
Wheat Flour Porridge,,3.9g,0.003g,WHEAT FLOUR,WHEAT FLOUR - ATTA,Unprocessed/Minimally processed foods
Okra Meat Dish,,5.1g,0.559g,PROCESSED MEAT,BEEF,Processed foods
Hydrabadi Biryani,,8.3g,0.457g,CEREAL GRAINS,WHITE RICE,Processed foods
Chick Peas Curry,,5.1g,0.426g,"PULSES - PEAS, LENTILS, BEANS",CHICKPEAS,Processed foods
Bhature (Fried Indian Bread),,18.5g,0.518g,BREADS,FRIED BREADS,Processed foods
Pumpkins with Peanut Butter,,5.5g,0.196g,VEGETABLES,PUMPKIN,Processed foods
Boiled beans,,2.3g,0.355g,"PULSES - PEAS, LENTILS, BEANS",BEAN STEW,Processed foods
