description,class_name,subclass_name,nova
4US FRESH MILK,WHOLE MILK,FRESH MILK,Unprocessed/Minimally processed foods
4US TFA FRESH MILK,WHOLE MILK,FRESH MILK,Unprocessed/Minimally processed foods
AFIA ENERGY DRINK APPLE,ENERGY DRINKS,ENERGY DRINKS,Ultra-processed foods
AFIA ENERGY DRINK CLASSIC,ENERGY DRINKS,ENERGY DRINKS,Ultra-processed foods
AFIA ENERGY DRINK S/BERRY,ENERGY DRINKS,ENERGY DRINKS,Ultra-processed foods
AFIA JUICE APPLE,FRUIT DRINKS/SWEETENED JUICES & BOTTLED TEAS,FRUIT DRINKS/SWEETENED JUICE,Ultra-processed foods
AFIA JUICE GUAVA,FRUIT DRINKS/SWEETENED JUICES & BOTTLED TEAS,FRUIT DRINKS/SWEETENED JUICE,Ultra-processed foods
AFIA JUICE MANGO,FRUIT DRINKS/SWEETENED JUICES & BOTTLED TEAS,FRUIT DRINKS/SWEETENED JUICE,Ultra-processed foods
AFIA JUICE MIXED FRUIT,FRUIT DRINKS/SWEETENED JUICES & BOTTLED TEAS,FRUIT DRINKS/SWEETENED JUICE,Ultra-processed foods
AFIA JUICE MULT-VITAMIN,FRUIT DRINKS/SWEETENED JUICES & BOTTLED TEAS,FRUIT DRINKS/SWEETENED JUICE,Ultra-processed foods
AFIA JUICE MULTI VITAMIN,FRUIT DRINKS/SWEETENED JUICES & BOTTLED TEAS,FRUIT DRINKS/SWEETENED JUICE,Ultra-processed foods
AFIA JUICE NECTAR ORANGE & CARROT,FRUIT DRINKS/SWEETENED JUICES & BOTTLED TEAS,FRUIT DRINKS/SWEETENED JUICE,Ultra-processed foods
AFIA JUICE ORANGE,FRUIT DRINKS/SWEETENED JUICES & BOTTLED TEAS,FRUIT DRINKS/SWEETENED JUICE,Ultra-processed foods
AFIA JUICE TROPICAL CARROT,FRUIT DRINKS/SWEETENED JUICES & BOTTLED TEAS,FRUIT DRINKS/SWEETENED JUICE,Ultra-processed foods
AFIA LEMON,FRUIT DRINKS/SWEETENED JUICES & BOTTLED TEAS,FRUIT DRINKS/SWEETENED JUICE,Ultra-processed foods
AFIA MANGO,FRUIT DRINKS/SWEETENED JUICES & BOTTLED TEAS,FRUIT DRINKS/SWEETENED JUICE,Ultra-processed foods
AFIA PEACH W/MILK,FRUIT DRINKS/SWEETENED JUICES & BOTTLED TEAS,FRUIT DRINKS/SWEETENED JUICE,Ultra-processed foods
AFIA S/BERRY ENERGY DRINK,ENERGY DRINKS,ENERGY DRINKS,Ultra-processed foods
AJAB ATTA MARK,WHEAT FLOUR,WHEAT FLOUR - ATTA,Unprocessed/Minimally processed foods
AJAB HOME BAKING,WHEAT FLOUR,WHEAT FLOUR,Unprocessed/Minimally processed foods
AJAB MAIZE MEAL,MAIZE/CORN FLOUR,MAIZE FLOUR,Unprocessed/Minimally processed foods
AJAB MANDAZI FLOUR,WHEAT FLOUR,WHEAT FLOUR,Unprocessed/Minimally processed foods
AJAB SELF RAISING,WHEAT FLOUR,WHEAT FLOUR,Unprocessed/Minimally processed foods
AKIYDA CROWN GOLDEN TOAST,BREADS,WHITE BREAD,Ultra-processed foods
AKIYDA WHITE BARREL,BREADS,WHITE BREAD,Ultra-processed foods
AKIYDA WHITE BREAD,BREADS,WHITE BREAD,Ultra-processed foods
AMAIZE PREM MAIZE MEAL,MAIZE/CORN FLOUR,MAIZE FLOUR,Unprocessed/Minimally processed foods
AMERICAN G A/CIDER VINEGAR 16OZ,TABLE SAUCES,VINEGAR,Ultra-processed foods
AQUAMIST FLAV WATER APPLE,WATER,FLAVOURED WATER,Unprocessed/Minimally processed foods
AQUAMIST FLAV WATER MANGO,WATER,FLAVOURED WATER,Unprocessed/Minimally processed foods
AQUAMIST FLAV WATER PEACH,WATER,FLAVOURED WATER,Unprocessed/Minimally processed foods
AQUAMIST MINERAL WATER,WATER,MINERAL WATER,Unprocessed/Minimally processed foods
AQUAMIST SPARKLING MINERAL,WATER,MINERAL WATER,Unprocessed/Minimally processed foods
ASSORTED FAMILY KENCHIC,POULTRY,CHICKEN,Unprocessed/Minimally processed foods
ATTA MARK BUTTERFLY,WHEAT FLOUR,WHEAT FLOUR - ATTA,Unprocessed/Minimally processed foods
AVENA VEG OIL,COOKING OIL,VEGETABLE OIL,Processed Culinary Ingredients
AZAM EMBE FRUIT JUICE DRINK,FRUIT DRINKS/SWEETENED JUICES & BOTTLED TEAS,FRUIT DRINKS/SWEETENED JUICE,Ultra-processed foods
AZAM ENERGY DRINK,ENERGY DRINKS,ENERGY DRINKS,Ultra-processed foods
AZAM UKWAJU JUICE,FRUIT DRINKS/SWEETENED JUICES & BOTTLED TEAS,FRUIT DRINKS/SWEETENED JUICE,Ultra-processed foods
B/SIDE D/FRESH,MILK DRINKS,FLAVOURED MILK,Ultra-processed foods
B/SIDE D/FRESH VANILLA,MILK DRINKS,FLAVOURED MILK,Ultra-processed foods
B/SIDE DAIRY BEST (FINO),WHOLE MILK,FRESH MILK,Unprocessed/Minimally processed foods
B/SIDE FRESH MILK,WHOLE MILK,FRESH MILK,Unprocessed/Minimally processed foods
B/SIDE FRESH MILK TCA,WHOLE MILK,FRESH MILK,Unprocessed/Minimally processed foods
B/SIDE NATURAL LALA,NATURAL/PLAIN FERMENTED MILK,NATURAL/PLAIN FERMENTED MILK,Unprocessed/Minimally processed foods
B/SIDE SWEET LALA,FLAVOURED FERMENTED MILK,FLAVOURED FERMENTED MILK,Ultra-processed foods
B/SIDE YOGHURT NATURAL,NATURAL/PLAIN YOGHURT,NATURAL/PLAIN YOGHURT,Unprocessed/Minimally processed foods
B/SIDE YOGHURT S/BERRY,FLAVOURED/FRUIT YOGHURT,FLAVOURED/FRUIT YOGHURT,Ultra-processed foods
B/SIDE YOGHURT VANILLA,FLAVOURED/FRUIT YOGHURT,FLAVOURED/FRUIT YOGHURT,Ultra-processed foods
BAHARI FRY,COOKING OIL,VEGETABLE OIL,Processed Culinary Ingredients
BAKEMATE MARIE TOP BISCUITS,"COOKIES, BISCUITS AND WAFERS",BISCUITS,Ultra-processed foods
BAKING POWDER CHAPA MANDAZI,BAKING ADDITIVES,BAKING POWDER,Ultra-processed foods
BARAKA CHAI,TEA,TEA - UNSWEETENED WITHOUT MILK,Unprocessed/Minimally processed foods
BARAKA CHAI RTB UNTAGGED CATERING,TEA,TEA - UNSWEETENED WITHOUT MILK,Unprocessed/Minimally processed foods
BARAKA CHAI TANGAWIZI,TEA,TEA - UNSWEETENED WITHOUT MILK,Unprocessed/Minimally processed foods
BARREL WHITE,BREADS,WHITE BREAD,Ultra-processed foods
BASMATI RICE,CEREAL GRAINS,WHITE RICE,Unprocessed/Minimally processed foods
BAY LEAVES DEEPA,HERBS AND SPICES,HERBS - BAY LEAVES,Unprocessed/Minimally processed foods
BAZUU ENERGY DRINK,ENERGY DRINKS,ENERGY DRINKS,Ultra-processed foods
BBQ RINGOZ NORDA,SWEET AND SAVOURY SNACKS,CORN RINGS,Ultra-processed foods
BEEF BRAWN F/CHOICE,PROCESSED MEAT,BEEF BRAWN,Ultra-processed foods
BEEF CATERING (ECONOMY) F/CHOICE,PROCESSED MEAT,BEEF SAUSAGES/SMOKIES/VIENNA,Ultra-processed foods
BEEF CHIPOLATAS F/CHOICE,PROCESSED MEAT,BEEF SAUSAGES/SMOKIES/VIENNA,Ultra-processed foods
BEEF MINCED HUBERS (LEAL) KITE,RED MEAT,BEEF MINCE,Unprocessed/Minimally processed foods
BEEF SAUSAGE V/ F/CHOICE,PROCESSED MEAT,BEEF SAUSAGES/SMOKIES/VIENNA,Ultra-processed foods
BEEF SMOKIES F/CHOICE,PROCESSED MEAT,BEEF SAUSAGES/SMOKIES/VIENNA,Ultra-processed foods
BEEF STEAK/TOP SIDE KITE,RED MEAT,BEEF,Unprocessed/Minimally processed foods
BEEF VIENNAS E/LONG F/CHOICE,PROCESSED MEAT,BEEF SAUSAGES/SMOKIES/VIENNA,Ultra-processed foods
BIO STERILISED COOKING CREAM,COOKING SAUCES,COOKING CREAM,Ultra-processed foods
BIO WHOLE MILK LONGLIFE,WHOLE MILK,LONG LIFE/UHT MILK,Unprocessed/Minimally processed foods
BITEZ BBQ V/ NORDA,SWEET AND SAVOURY SNACKS,CORN PUFFS,Ultra-processed foods
BITEZ TAMU TAMU C/CURLS FUN & FRUITY,SWEET AND SAVOURY SNACKS,CORN CURLS,Ultra-processed foods
BLACK FOREST,CAKES,CAKES,Ultra-processed foods
BLACK PEPPER GROUND CHARSC0,HERBS AND SPICES,SPICES - BLACK PEPPER,Unprocessed/Minimally processed foods
BLACK PEPPER GROUND DEEPA,HERBS AND SPICES,SPICES - BLACK PEPPER,Unprocessed/Minimally processed foods
BLACKFOREST CAKE,CAKES,CAKES,Ultra-processed foods
BLUE BAND,MARGARINE,MARGARINE,Ultra-processed foods
BLUE BAND BAKING MARGARINE,MARGARINE,MARGARINE,Ultra-processed foods
BLUE BAND ORIG,MARGARINE,MARGARINE,Ultra-processed foods
BLUE BAND PEANUT BUTTER SMOOTH,PEANUT BUTTER,PEANUT BUTTER,Ultra-processed foods
BLUE BAND SPREAD FOR BREAD,MARGARINE,MARGARINE,Ultra-processed foods
BONES KITE,RED MEAT,BEEF BONES,Unprocessed/Minimally processed foods
BRANDED SUGAR BROWN,SUGAR,BROWN SUGAR,Processed Culinary Ingredients
BRAVA GUAVA JUICE,FRUIT DRINKS/SWEETENED JUICES & BOTTLED TEAS,FRUIT DRINKS/SWEETENED JUICE,Ultra-processed foods
BRAVA LEMON LIME,SODAS AND CARBONATED DRINKS,SODAS,Ultra-processed foods
BRAVA MALT COFEE CAPUCINO,MALT DRINKS,MALT DRINKS,Processed foods
BRAVA MALT PINEAPPLE,MALT DRINKS,MALT DRINKS,Processed foods
BRAVA MANGO JUICE,FRUIT DRINKS/SWEETENED JUICES & BOTTLED TEAS,FRUIT DRINKS/SWEETENED JUICE,Ultra-processed foods
BRAVADO ENERGY DRINK,ENERGY DRINKS,ENERGY DRINKS,Ultra-processed foods
BRAVO G,"COOKIES, BISCUITS AND WAFERS",BISCUITS,Ultra-processed foods
BRISKETS KITE,RED MEAT,BEEF,Unprocessed/Minimally processed foods
BRITANIA CHOCOLATE CREAM,"COOKIES, BISCUITS AND WAFERS",BISCUITS,Ultra-processed foods
BRITANIA DIGESTIVE BISCUIT OATS,"COOKIES, BISCUITS AND WAFERS",BISCUITS,Ultra-processed foods
BRITANIA DIGESTIVE BISCUIT SUGAR FREE,"COOKIES, BISCUITS AND WAFERS",BISCUITS,Ultra-processed foods
BRITANIA DOT S/BERRY CREAM,"COOKIES, BISCUITS AND WAFERS",BISCUITS,Ultra-processed foods
BRITANIA DOT VANILLA CREAM,"COOKIES, BISCUITS AND WAFERS",BISCUITS,Ultra-processed foods
BRITANIA FAMILY,"COOKIES, BISCUITS AND WAFERS",BISCUITS,Ultra-processed foods
BRITANIA GINGER NUTS BISCUIT,"COOKIES, BISCUITS AND WAFERS",BISCUITS,Ultra-processed foods
BRITANIA MARIE,"COOKIES, BISCUITS AND WAFERS",BISCUITS,Ultra-processed foods
BRITANIA MILKY BISCUIT (FOIL),"COOKIES, BISCUITS AND WAFERS",BISCUITS,Ultra-processed foods
BRITANIA MOTO MOTO,"COOKIES, BISCUITS AND WAFERS",BISCUITS,Ultra-processed foods
BRITANIA NICE,"COOKIES, BISCUITS AND WAFERS",BISCUITS,Ultra-processed foods
BRITANIA S/BERRY CREAM,"COOKIES, BISCUITS AND WAFERS",BISCUITS,Ultra-processed foods
BRITANIA SHORTCAKE,"COOKIES, BISCUITS AND WAFERS",BISCUITS,Ultra-processed foods
BROADWAY WHITE BREAD,BREADS,WHITE BREAD,Ultra-processed foods
BROADWAYS BROWN BREAD,BREADS,BROWN BREAD,Ultra-processed foods
BROADWAYS WHITE BREAD,BREADS,WHITE BREAD,Ultra-processed foods
BROWN BREAD,BREADS,BROWN BREAD,Ultra-processed foods
BROWN BUNS,BUNS/ROLLS,PLAIN BUNS,Ultra-processed foods
BROWN ROLLS,BUNS/ROLLS,PLAIN ROLLS,Ultra-processed foods
BUTALI BROWN SUGAR,SUGAR,BROWN SUGAR,Processed Culinary Ingredients
BUTTER TOSTI,BREADS,WHITE BREAD,Ultra-processed foods
BUTTERFLY KENYAN PISHORI RICE,CEREAL GRAINS,WHITE RICE,Unprocessed/Minimally processed foods
BUTTERFLY LONG GRAIN RICE,CEREAL GRAINS,WHITE RICE,Unprocessed/Minimally processed foods
BUTTERFLY PREM SPAGHETTI,PASTAS,PASTA - SPAGHETTI,Unprocessed/Minimally processed foods
BUTTERFLY STANDARD SPAGHETTI,PASTAS,PASTA - SPAGHETTI,Unprocessed/Minimally processed foods
BUTTERFLY STD SPAGHETTI,PASTAS,PASTA - SPAGHETTI,Unprocessed/Minimally processed foods
C I L BLENDED RICE,CEREAL GRAINS,WHITE RICE,Unprocessed/Minimally processed foods
C I L BROWN RICE,CEREAL GRAINS,BROWN RICE,Unprocessed/Minimally processed foods
C I L PISHORI RICE,CEREAL GRAINS,WHITE RICE,Unprocessed/Minimally processed foods
C&R WOTS CHEVDO CHILLY LEMON,SWEET AND SAVOURY SNACKS,CHEVDA/BOMBAY MIX,Ultra-processed foods
C&R WOTS CHEVDO HOT & SPICY,SWEET AND SAVOURY SNACKS,CHEVDA/BOMBAY MIX,Ultra-processed foods
C&R WOTS CHEVDO SOFT & CRISPY,SWEET AND SAVOURY SNACKS,CHEVDA/BOMBAY MIX,Ultra-processed foods
C&R WOTS H-MADE JAM & C-NUT COOKIES,"COOKIES, BISCUITS AND WAFERS",COOKIES,Ultra-processed foods
C&R WOTS INDIAN MIX,SWEET AND SAVOURY SNACKS,BHUSU MIX,Ultra-processed foods
C&R WOTS PURI SPICY,SWEET AND SAVOURY SNACKS,CRISPY PURI,Ultra-processed foods
C&R WOTS TIKHA GATHIA,SWEET AND SAVOURY SNACKS,GANTHIYA,Ultra-processed foods
C/BELL FRUIT YOGHURT VAN,FLAVOURED/FRUIT YOGHURT,FLAVOURED/FRUIT YOGHURT,Ultra-processed foods
C/BELL YOGHURT EXOTIC WILD BERRY,FLAVOURED/FRUIT YOGHURT,FLAVOURED/FRUIT YOGHURT,Ultra-processed foods
CADBURY CASHEW & COCONUT BAR,CHOCOLATE,CHOCOLATE BAR,Ultra-processed foods
CADBURY COCOA,COCOA,COCOA - UNSWEETENED WITHOUT MILK,Ultra-processed foods
CADBURY COCOA HOT 3 IN,COCOA,COCOA - SWEETENED WITH MILK,Ultra-processed foods
CADBURY COCOA HOT 3 IN 1 SAT,COCOA,COCOA - SWEETENED WITH MILK,Ultra-processed foods
CADBURY DAIRY FRUIT & NUT,CHOCOLATE,CHOCOLATE BAR,Ultra-processed foods
CADBURY DAIRY MILK,CHOCOLATE,CHOCOLATE BAR,Ultra-processed foods
CADBURY DAIRY MILK BUBBLY,CHOCOLATE,CHOCOLATE BAR,Ultra-processed foods
CADBURY DAIRY MILK TOP DECK BAR,CHOCOLATE,CHOCOLATE BAR,Ultra-processed foods
CADBURY DREAM BAR,CHOCOLATE,CHOCOLATE BAR,Ultra-processed foods
CADBURY DREAM BAR W/BISCUIT,CHOCOLATE,CHOCOLATE BAR,Ultra-processed foods
CADBURY DRINKING CHOCOLATE,COCOA,COCOA - SWEETENED WITHOUT MILK,Ultra-processed foods
CADBURY ECLAIRS,CANDY AND CONFECTIONERY,SWEETS/CANDY,Ultra-processed foods
CADBURY FRUIT & NUT BAR,CHOCOLATE,CHOCOLATE BAR,Ultra-processed foods
CADBURY LUNCH BAR MAX,CHOCOLATE,CHOCOLATE BAR,Ultra-processed foods
CADBURY LUNCH BAR MINI,CHOCOLATE,CHOCOLATE BAR,Ultra-processed foods
CADBURY RUM & RAISIN BAR,CHOCOLATE,CHOCOLATE BAR,Ultra-processed foods
CAL N/OWN BEEF MASALA,HERBS AND SPICES,SPICES - BEEF MASALA,Unprocessed/Minimally processed foods
CAL N/OWN CARDAMON WHOLE,HERBS AND SPICES,SPICES - CARDAMON,Unprocessed/Minimally processed foods
CAL N/OWN CAYENNE PEPPER GROUNDED,HERBS AND SPICES,SPICES - CAYENNE PEPPER,Unprocessed/Minimally processed foods
CAL N/OWN CHICKEN MASALA,HERBS AND SPICES,SPICES - CHICKEN MASALA,Unprocessed/Minimally processed foods
CAL N/OWN CHILLI GROUNDED,HERBS AND SPICES,SPICES - CHILLIES,Unprocessed/Minimally processed foods
CAL N/OWN CURRY POWDER,HERBS AND SPICES,SPICES - CURRY POWDER,Unprocessed/Minimally processed foods
CAL N/OWN DHANIA JEERA,HERBS AND SPICES,SPICES - DHANA JEERA,Unprocessed/Minimally processed foods
CAL N/OWN FISH MASALA,HERBS AND SPICES,SPICES - FISH MASALA,Unprocessed/Minimally processed foods
CAL N/OWN PILAU MASALA GROUNDED,HERBS AND SPICES,SPICES - PILAU MASALA,Unprocessed/Minimally processed foods
CAL N/OWN PILAU MASALA WHOLE,HERBS AND SPICES,SPICES - PILAU MASALA,Unprocessed/Minimally processed foods
CAL N/OWN TEA MASALA,HERBS AND SPICES,SPICES - TEA MASALA,Unprocessed/Minimally processed foods
CAL N/OWN TURMERIC GROUNDED,HERBS AND SPICES,SPICES - TURMERIC,Unprocessed/Minimally processed foods
CARDAMON GROUND CHARSCO,HERBS AND SPICES,SPICES - CARDAMON,Unprocessed/Minimally processed foods
CARDAMON WHOLE CHARSCO,HERBS AND SPICES,SPICES - CARDAMON,Unprocessed/Minimally processed foods
CARDAMONS GROUND DEEPA,HERBS AND SPICES,SPICES - CARDAMON,Unprocessed/Minimally processed foods
CERELAC BANANA BIB,BABY FOODS - WHEAT CEREALS,BABY/INFANT WHEAT CEREALS,Ultra-processed foods
CERELAC WHEAT,BABY FOODS - WHEAT CEREALS,BABY/INFANT WHEAT CEREALS,Ultra-processed foods
CERELAC WHEAT BIB,BABY FOODS - WHEAT CEREALS,BABY/INFANT WHEAT CEREALS,Ultra-processed foods
CERES APPLE JUICE BLEND,FRUIT DRINKS/SWEETENED JUICES & BOTTLED TEAS,FRUIT DRINKS/SWEETENED JUICE,Ultra-processed foods
CERES EXOTIC PASSION JUICE,FRUIT DRINKS/SWEETENED JUICES & BOTTLED TEAS,FRUIT DRINKS/SWEETENED JUICE,Ultra-processed foods
CERES ORANGE JUICE BLEND,FRUIT DRINKS/SWEETENED JUICES & BOTTLED TEAS,FRUIT DRINKS/SWEETENED JUICE,Ultra-processed foods
CHEVDA 100 HAPPY EATER,SWEET AND SAVOURY SNACKS,CHEVDA/BOMBAY MIX,Ultra-processed foods
CHEVDA CHILLI LEMON DEEPA,SWEET AND SAVOURY SNACKS,CHEVDA/BOMBAY MIX,Ultra-processed foods
CHEVDA DEEPA,SWEET AND SAVOURY SNACKS,CHEVDA/BOMBAY MIX,Ultra-processed foods
CHEVDA PACKET DEEPA,SWEET AND SAVOURY SNACKS,CHEVDA/BOMBAY MIX,Ultra-processed foods
CHEVDO SOFT & CRISPY C & R,SWEET AND SAVOURY SNACKS,CHEVDA/BOMBAY MIX,Ultra-processed foods
CHICKEN BRAWN F/CHOICE,PROCESSED POULTRY,CHICKEN BRAWN,Ultra-processed foods
CHICKEN DRUMSTICK KENCHIC BUTCHERY,POULTRY,CHICKEN,Unprocessed/Minimally processed foods
CHICKEN FRESH CAPON KENCHIC (BUTCHERY),POULTRY,CHICKEN,Unprocessed/Minimally processed foods
CHICKEN GIZZARDS KENCHIC (BUTCHERY),POULTRY GIBLETS,CHICKEN GIBLETS,Unprocessed/Minimally processed foods
CHICKEN LEGS 4PC KENCHIC,POULTRY GIBLETS,CHICKEN GIBLETS,Unprocessed/Minimally processed foods
CHICKEN LEGS 4PC KENCHIC (BUTCHERY),POULTRY GIBLETS,CHICKEN GIBLETS,Unprocessed/Minimally processed foods
CHICKEN LIVER KENCHIC (BUTCHERY),POULTRY GIBLETS,CHICKEN GIBLETS,Unprocessed/Minimally processed foods
CHICKEN MASALA DEEPA,HERBS AND SPICES,SPICES - CHICKEN MASALA,Unprocessed/Minimally processed foods
CHICKEN SAUSAGE F/CHOICE,PROCESSED POULTRY,CHICKEN SAUSAGES/VIENNAS,Ultra-processed foods
CHICKEN SAUSAGE KENCHIC,PROCESSED POULTRY,CHICKEN SAUSAGES/VIENNAS,Ultra-processed foods
CHICKEN SMOKED SAUSAGE KENCHIC,PROCESSED POULTRY,CHICKEN SAUSAGES/VIENNAS,Ultra-processed foods
CHICKEN SMOKED SAUSAGES KENCHIC,PROCESSED POULTRY,CHICKEN SAUSAGES/VIENNAS,Ultra-processed foods
CHICKEN THIGH BONE-IN 6PC KENCHIC (BUTCHERY),POULTRY,CHICKEN,Unprocessed/Minimally processed foods
CHIGS CHEESE & ONION CRISPS,SWEET AND SAVOURY SNACKS,POTATO CRISPS,Ultra-processed foods
CHIGS GANTHIA,SWEET AND SAVOURY SNACKS,GANTHIA SNACKS,Ultra-processed foods
CHIGS SALT VINEGAR CRISPS,SWEET AND SAVOURY SNACKS,POTATO CRISPS,Ultra-processed foods
CHIGS SALTED CRISPS PLN,SWEET AND SAVOURY SNACKS,POTATO CRISPS,Ultra-processed foods
CHIGS TOMATO CRISPS,SWEET AND SAVOURY SNACKS,POTATO CRISPS,Ultra-processed foods
CHILLI PILLI TARMARID CHUTNEY,COOKING SAUCES,CHILLI PASTE,Ultra-processed foods
CHILLIES GROUND DEEPA,HERBS AND SPICES,SPICES - CHILLIES,Unprocessed/Minimally processed foods
CHIPO,COOKING FAT,VEGETABLE FAT,Processed Culinary Ingredients
CHIPSY,COOKING FAT,VEGETABLE FAT,Processed Culinary Ingredients
CHOCO BALL,PASTRIES,PASTRIES - CHOCOLATE BALLS,Ultra-processed foods
CHOCOLATE CAKES,CUPCAKES/MUFFINS/QUEENCAKES,CUPCAKES,Ultra-processed foods
CHOCOLATE DIPS,CHOCOLATE,CHOCOLATE,Ultra-processed foods
CHOCOLATE DOUGHNUT,PASTRIES,PASTRIES - DOUGHNUT,Ultra-processed foods
CHOCOLATE FINGERS,"COOKIES, BISCUITS AND WAFERS",BISCUITS,Ultra-processed foods
CHOCOLATE HEART,MARBLE CAKES,MARBLE CAKES,Ultra-processed foods
CHOCOPRIMO,COCOA,COCOA - SWEETENED WITHOUT MILK,Ultra-processed foods
CHOCOPRIMO TIN,COCOA,COCOA - SWEETENED WITHOUT MILK,Ultra-processed foods
CHOCOPRIMO TIN/,COCOA,COCOA - SWEETENED WITHOUT MILK,Ultra-processed foods
CHOOZE PUFF CHEESE T/HEAT,SWEET AND SAVOURY SNACKS,CORN PUFFS,Ultra-processed foods
CHOOZE PUFF TOMATO T/HEAT,SWEET AND SAVOURY SNACKS,CORN PUFFS,Ultra-processed foods
CINNAMON GROUND CHARSCO,HERBS AND SPICES,SPICES - CINNAMON,Unprocessed/Minimally processed foods
CINNAMON GROUND DEEPA,HERBS AND SPICES,SPICES - CINNAMON,Unprocessed/Minimally processed foods
CINNAMON ROLL,BUNS/ROLLS,SWEET ROLLS,Ultra-processed foods
CINNAMON WHOLE CHARSCO,HERBS AND SPICES,SPICES - CINNAMON,Unprocessed/Minimally processed foods
CITRIC ACID DEEPA,HERBS AND SPICES,SPICES - CITRIC ACID,Unprocessed/Minimally processed foods
CLOVERS BI-CARBONATE OF SODA,BAKING ADDITIVES,BAKING SODA,Ultra-processed foods
CLOVERS CHILI SAUCE,TABLE SAUCES,CHILLI/HOT SAUCE,Ultra-processed foods
CLOVERS CHILLI SAUCE,TABLE SAUCES,CHILLI/HOT SAUCE,Ultra-processed foods
CLOVERS COCOA POWDER SAT,COCOA,COCOA - UNSWEETENED WITHOUT MILK,Ultra-processed foods
CLOVERS CORNFLOUR,MAIZE/CORN FLOUR,CORN FLOUR,Unprocessed/Minimally processed foods
CLOVERS DRINKING CHOCOLATE,COCOA,COCOA - SWEETENED WITHOUT MILK,Ultra-processed foods
CLOVERS DRINKING CHOCOLATE SAT,COCOA,COCOA - SWEETENED WITHOUT MILK,Ultra-processed foods
CLOVERS HOT N SWEET SAUCE,TABLE SAUCES,CHILLI/HOT SAUCE,Ultra-processed foods
CLOVERS PURE GLUCOSE,SUGAR - POWDERED,GLUCOSE,Processed Culinary Ingredients
CLOVERS TOMATO KETCHUP,TABLE SAUCES,TOMATO KETCHUP,Ultra-processed foods
CLOVERS TOMATO SAUCE,TABLE SAUCES,TOMATO SAUCE,Ultra-processed foods
CLOVERS VANILLA ESSENCE,FOOD FLAVOUR ADDITIVES,FOOD FLAVOUR ADDITIVES,Ultra-processed foods
CLOVERS WHITE VINEGAR,TABLE SAUCES,VINEGAR,Ultra-processed foods
CLUB SODA APPLE,SODAS AND CARBONATED DRINKS,SODAS,Ultra-processed foods
CLUB SODA B/CURRANT,SODAS AND CARBONATED DRINKS,SODAS,Ultra-processed foods
CLUB SODA BLACKCURRANT,SODAS AND CARBONATED DRINKS,SODAS,Ultra-processed foods
CLUB SODA COLA,SODAS AND CARBONATED DRINKS,SODAS,Ultra-processed foods
CLUB SODA LEMON & LIME,SODAS AND CARBONATED DRINKS,SODAS,Ultra-processed foods
CLUB SODA MANGO,SODAS AND CARBONATED DRINKS,SODAS,Ultra-processed foods
CLUB SODA ORANGE,SODAS AND CARBONATED DRINKS,SODAS,Ultra-processed foods
CLUB SODA P/APPLE,SODAS AND CARBONATED DRINKS,SODAS,Ultra-processed foods
CLUB SODA PASSION,SODAS AND CARBONATED DRINKS,SODAS,Ultra-processed foods
COATED PEANUTS FRESH N CRUNCHY,SALTED/SUGARED NUTS,SALTED PEANUTS,Processed foods
COCOA PRIMO,COCOA,COCOA - UNSWEETENED WITHOUT MILK,Ultra-processed foods
COCOA PRIMO TIN/,COCOA,COCOA - UNSWEETENED WITHOUT MILK,Ultra-processed foods
COCONUT OAT COOKIES,"COOKIES, BISCUITS AND WAFERS",COOKIES,Ultra-processed foods
COFFEE KISSES,"COOKIES, BISCUITS AND WAFERS",COOKIES,Ultra-processed foods
CORRIENDER GROUND DEEPA,HERBS AND SPICES,HERBS - CORIANDER/DHANIA,Unprocessed/Minimally processed foods
COSMO MAIZE,MAIZE/CORN FLOUR,MAIZE FLOUR,Unprocessed/Minimally processed foods
COW AND GATE,INFANT FORMULA,INFANT FORMULA,Ultra-processed foods
COWBOY,COOKING FAT,VEGETABLE FAT,Processed Culinary Ingredients
CREAM DOUGHNUT,PASTRIES,PASTRIES - DOUGHNUT,Ultra-processed foods
CREAM MARBLE SLICE,MARBLE CAKES,MARBLE CAKES,Ultra-processed foods
CREAM MUFFIN,CUPCAKES/MUFFINS/QUEENCAKES,MUFFINS,Ultra-processed foods
CRIBAZ SALTED CRISPS NORDA,SWEET AND SAVOURY SNACKS,POTATO CRISPS,Ultra-processed foods
CRIBAZ TOMATO CRISPS NORDA,SWEET AND SAVOURY SNACKS,POTATO CRISPS,Ultra-processed foods
CRISPS CHEESE & ONION DEEPA,SWEET AND SAVOURY SNACKS,POTATO CRISPS,Ultra-processed foods
CRISPS CHEESE & ONION H/EATER,SWEET AND SAVOURY SNACKS,POTATO CRISPS,Ultra-processed foods
CRISPS CHEESE & ONION HAPPY EATER,SWEET AND SAVOURY SNACKS,POTATO CRISPS,Ultra-processed foods
CRISPS CHILLI & LEMON DEEPA,SWEET AND SAVOURY SNACKS,POTATO CRISPS,Ultra-processed foods
CRISPS SALT & VINEGAR DEEPA,SWEET AND SAVOURY SNACKS,POTATO CRISPS,Ultra-processed foods
CRISPS SALT & VINEGAR HAPPY EATER,SWEET AND SAVOURY SNACKS,POTATO CRISPS,Ultra-processed foods
CRISPS SALTED DEEPA,SWEET AND SAVOURY SNACKS,POTATO CRISPS,Ultra-processed foods
CRISPS SALTED HAPPY EATER,SWEET AND SAVOURY SNACKS,POTATO CRISPS,Ultra-processed foods
CRISPS TOMATO FLAVOUR DEEPA,SWEET AND SAVOURY SNACKS,POTATO CRISPS,Ultra-processed foods
CRISPS TOMATO H/EATER,SWEET AND SAVOURY SNACKS,POTATO CRISPS,Ultra-processed foods
CRISPS TOMATO HAPPY EATER,SWEET AND SAVOURY SNACKS,POTATO CRISPS,Ultra-processed foods
CRISPS WAVE SALT & VINE DEEPA,SWEET AND SAVOURY SNACKS,POTATO CRISPS,Ultra-processed foods
CRISPS WAVE SALTED DEEPA,SWEET AND SAVOURY SNACKS,POTATO CRISPS,Ultra-processed foods
CRISPS WAVES MASALA T/HEAT,SWEET AND SAVOURY SNACKS,POTATO CRISPS,Ultra-processed foods
CROISSANT PLAIN,PASTRIES,PASTRIES - CROISSANT,Ultra-processed foods
CUMMIN SEEDS GROUND DEEPA,HERBS AND SPICES,SPICES - CUMIN,Unprocessed/Minimally processed foods
D/LAND CHOCOLATE BAR ALMOND & RAISIN,CHOCOLATE,CHOCOLATE BAR,Ultra-processed foods
D/LAND CHOCOLATE BAR REAL MILK,CHOCOLATE,CHOCOLATE BAR,Ultra-processed foods
D/LAND CHOCOLATE BAR WHITE W/COOKIES,CHOCOLATE,CHOCOLATE BAR,Ultra-processed foods
DAAWAT AROMATIC,CEREAL GRAINS,WHITE RICE,Unprocessed/Minimally processed foods
DAAWAT BIRYANI RICE,CEREAL GRAINS,WHITE RICE,Unprocessed/Minimally processed foods
DAAWAT BLUE LABEL SPAGHETTI,PASTAS,PASTA - SPAGHETTI,Unprocessed/Minimally processed foods
DAAWAT BROWN RICE,CEREAL GRAINS,BROWN RICE,Unprocessed/Minimally processed foods
DAAWAT DELI BASMATI,CEREAL GRAINS,WHITE RICE,Unprocessed/Minimally processed foods
DAAWAT GREEN LABEL SPAGHETI,PASTAS,PASTA - SPAGHETTI,Unprocessed/Minimally processed foods
DAAWAT LONG GRAIN RICE,CEREAL GRAINS,WHITE RICE,Unprocessed/Minimally processed foods
DAAWAT PARBOILED,CEREAL GRAINS,PARBOILED RICE,Unprocessed/Minimally processed foods
DAAWAT RED LABEL SPAGHETI,PASTAS,PASTA - SPAGHETTI,Unprocessed/Minimally processed foods
DAAWAT TRAD BASMATI RICE,CEREAL GRAINS,WHITE RICE,Unprocessed/Minimally processed foods
DAIMA MAZIWA BORA,WHOLE MILK,FRESH MILK,Unprocessed/Minimally processed foods
DAIMA THICK YOGHURT B/CURRANT,FLAVOURED/FRUIT YOGHURT,FLAVOURED/FRUIT YOGHURT,Ultra-processed foods
DAIMA THICK YOGHURT CHOCOLATE,FLAVOURED/FRUIT YOGHURT,FLAVOURED/FRUIT YOGHURT,Ultra-processed foods
DAIMA THICK YOGHURT MANGO,FLAVOURED/FRUIT YOGHURT,FLAVOURED/FRUIT YOGHURT,Ultra-processed foods
DAIMA THICK YOGHURT NAT,FLAVOURED/FRUIT YOGHURT,FLAVOURED/FRUIT YOGHURT,Ultra-processed foods
DAIMA THICK YOGHURT S/BERRY,FLAVOURED/FRUIT YOGHURT,FLAVOURED/FRUIT YOGHURT,Ultra-processed foods
DAIMA THICK YOGHURT VAN,FLAVOURED/FRUIT YOGHURT,FLAVOURED/FRUIT YOGHURT,Ultra-processed foods
DAIMA U H T MAZIWA BORA FINO,WHOLE MILK,LONG LIFE/UHT MILK,Unprocessed/Minimally processed foods
DAIMA WHOLE MILK,WHOLE MILK,FRESH MILK,Unprocessed/Minimally processed foods
DAIMA WHOLE MILK FINO,WHOLE MILK,LONG LIFE/UHT MILK,Unprocessed/Minimally processed foods
DANISH COOKIES,"COOKIES, BISCUITS AND WAFERS",COOKIES,Ultra-processed foods
DASANI MINERAL WATER,WATER,MINERAL WATER,Unprocessed/Minimally processed foods
DAZ BANANA FLAVOUR MILL,MILK DRINKS,FLAVOURED MILK,Ultra-processed foods
DAZ COCONUT FLAVOUR MILL,FRUITS,COCONUT,Unprocessed/Minimally processed foods
DAZ GINGER FLAVOUR MILL,MILK DRINKS,FLAVOURED MILK,Ultra-processed foods
DAZ HONEY FLAVOUR MILL,MILK DRINKS,FLAVOURED MILK,Ultra-processed foods
DAZ LEMON FLAVOUR MILL,MILK DRINKS,FLAVOURED MILK,Ultra-processed foods
DAZ MILK FLAVOUR MILL,MILK DRINKS,FLAVOURED MILK,Ultra-processed foods
DEL MANGO JUICE BLEND,FRESH/FRUIT JUICES - NO ADDED SUGAR,FRESH/FRUIT JUICES - NO ADDED SUGAR,Unprocessed/Minimally processed foods
DEL MIXED BERRY JUICE BLEND,FRESH/FRUIT JUICES - NO ADDED SUGAR,FRESH/FRUIT JUICES - NO ADDED SUGAR,Unprocessed/Minimally processed foods
DEL ORANGE JUICE BLEND,FRESH/FRUIT JUICES - NO ADDED SUGAR,FRESH/FRUIT JUICES - NO ADDED SUGAR,Unprocessed/Minimally processed foods
DEL PURE ORANGE JUICE,FRESH/FRUIT JUICES - NO ADDED SUGAR,FRESH/FRUIT JUICES - NO ADDED SUGAR,Unprocessed/Minimally processed foods
DEL TROPICAL JUICE BLEND,FRESH/FRUIT JUICES - NO ADDED SUGAR,FRESH/FRUIT JUICES - NO ADDED SUGAR,Unprocessed/Minimally processed foods
DELAMARE PREM LEMON BISCUIT YOGHURT,FLAVOURED/FRUIT YOGHURT,FLAVOURED/FRUIT YOGHURT,Ultra-processed foods
DELAMARE PREM PEAR CARAM YOGHURT,FLAVOURED/FRUIT YOGHURT,FLAVOURED/FRUIT YOGHURT,Ultra-processed foods
DELAMARE PREM S/BERRY FRT YOGHURT,FLAVOURED/FRUIT YOGHURT,FLAVOURED/FRUIT YOGHURT,Ultra-processed foods
DELAMARE PREM S/BERRY YOGHURT,FLAVOURED/FRUIT YOGHURT,FLAVOURED/FRUIT YOGHURT,Ultra-processed foods
DELAMARE PREM VAN FRT YOGHURT,FLAVOURED/FRUIT YOGHURT,FLAVOURED/FRUIT YOGHURT,Ultra-processed foods
DELAMARE PREM YOGHURT CHOCOLATE CHIPS,FLAVOURED/FRUIT YOGHURT,FLAVOURED/FRUIT YOGHURT,Ultra-processed foods
DELAMARE PREM YOGHURT WILD BERRY,FLAVOURED/FRUIT YOGHURT,FLAVOURED/FRUIT YOGHURT,Ultra-processed foods
DELAMARE YOGHURT PREM S/BERRY,FLAVOURED/FRUIT YOGHURT,FLAVOURED/FRUIT YOGHURT,Ultra-processed foods
DELAMARE YOGHURT S/BERRY,FLAVOURED/FRUIT YOGHURT,FLAVOURED/FRUIT YOGHURT,Ultra-processed foods
DELAMARE YOGHURT VANILLA,FLAVOURED/FRUIT YOGHURT,FLAVOURED/FRUIT YOGHURT,Ultra-processed foods
DELICIOUS CAKES HALF DECO,CAKES,CAKES,Ultra-processed foods
DELICIOUS DELIGHT CHOCOLATE COOKIES,"COOKIES, BISCUITS AND WAFERS",COOKIES,Ultra-processed foods
DELICIOUS DELIGHT COCONUT COOKIES,"COOKIES, BISCUITS AND WAFERS",COOKIES,Ultra-processed foods
DELICIOUS DELIGHT ENGLISH MUFFIN 8PC,CUPCAKES/MUFFINS/QUEENCAKES,MUFFINS,Ultra-processed foods
DELICIOUS DELIGHT FULL DECO,CAKES,CAKES,Ultra-processed foods
DELICIOUS DELIGHT HALF DECO,CAKES,CAKES,Ultra-processed foods
DELICIOUS DELIGHT HEART DELI,MARBLE CAKES,MARBLE CAKES,Ultra-processed foods
DELICIOUS DELIGHT MANDAZI,PASTRIES,PASTRIES - MANDAZI,Ultra-processed foods
DELICIOUS DELIGHT MUFINS CHOCOLATE/ 6PKT,CUPCAKES/MUFFINS/QUEENCAKES,MUFFINS,Ultra-processed foods
DELICIOUS DELIGHT QUEEN CAKES,CUPCAKES/MUFFINS/QUEENCAKES,QUEENCAKES,Ultra-processed foods
DELICIOUS DELIGHT TEA SCONES,PASTRIES,PASTRIES - SCONES,Ultra-processed foods
DELICIOUS DELIGHT VANILLA COOKIES,"COOKIES, BISCUITS AND WAFERS",COOKIES,Ultra-processed foods
DELICIOUS GREEN FOREST,CAKES,CAKES,Ultra-processed foods
DELICIOUS HEART DELI,MARBLE CAKES,MARBLE CAKES,Ultra-processed foods
DELICIOUS MINI MADERIA,MARBLE CAKES,MARBLE CAKES,Ultra-processed foods
DELICIOUS MUFFINS CAKE,CUPCAKES/MUFFINS/QUEENCAKES,MUFFINS,Ultra-processed foods
DELICIOUS QUEEN CAKES,CUPCAKES/MUFFINS/QUEENCAKES,QUEENCAKES,Ultra-processed foods
DELICIOUS TWIN CAKE,CAKES,CAKES,Ultra-processed foods
DELICIUOS DELIGHT MUFFINS CAKE,CUPCAKES/MUFFINS/QUEENCAKES,MUFFINS,Ultra-processed foods
DELMONTE PINEAPPLE SLICED,FRESH/FRUIT JUICES - NO ADDED SUGAR,FRESH/FRUIT JUICES - NO ADDED SUGAR,Unprocessed/Minimally processed foods
DEPYS CRISPS CHEESE & ONION,SWEET AND SAVOURY SNACKS,POTATO CRISPS,Ultra-processed foods
DEPYS CRISPS SALT & VINEGAR,SWEET AND SAVOURY SNACKS,POTATO CRISPS,Ultra-processed foods
DEPYS CRISPS SALTED,SWEET AND SAVOURY SNACKS,POTATO CRISPS,Ultra-processed foods
DEPYS CRISPS TOMATO,SWEET AND SAVOURY SNACKS,POTATO CRISPS,Ultra-processed foods
DISNEY S/BERRY FLAV MILK,MILK DRINKS,FLAVOURED MILK,Ultra-processed foods
DISNEY S/BERRY YOGHURT,FLAVOURED/FRUIT YOGHURT,FLAVOURED/FRUIT YOGHURT,Ultra-processed foods
DISNEY TCA MILK,WHOLE MILK,LONG LIFE/UHT MILK,Unprocessed/Minimally processed foods
DISNEY VANILLA FLAV MILK,MILK DRINKS,FLAVOURED MILK,Ultra-processed foods
DISNEY VANILLA YOGHURT,FLAVOURED/FRUIT YOGHURT,FLAVOURED/FRUIT YOGHURT,Ultra-processed foods
DL 1/4 CHICKEN,FAST FOODS,PRE-PREPARED CHICKEN,Ultra-processed foods
DL ANDAZI,FAST FOODS,PRE-PREPARED MANDAZI,Ultra-processed foods
DL BEEF BURGAR,FAST FOODS,PRE-PREPARED BEEF BURGER,Ultra-processed foods
DL BEEF FRY,FAST FOODS,PRE-PREPARED BEEF,Ultra-processed foods
DL BEEF SAMOSA,FAST FOODS,PRE-PREPARED BEEF SAMOSA,Ultra-processed foods
DL BEEF SAUSAGE,FAST FOODS,PRE-PREPARED BEEF SAUSAGE,Ultra-processed foods
DL BEEF SMOKIE,FAST FOODS,PRE-PREPARED BEEF SMOKIE,Ultra-processed foods
DL CHICKEN BURGAR,FAST FOODS,PRE-PREPARED CHICKEN BURGER,Ultra-processed foods
DL CHICKEN SAUSAGE (EXPO F/C),FAST FOODS,PRE-PREPARED CHICKEN SAUSAGE,Ultra-processed foods
DL CHIPS,FAST FOODS,PRE-PREPARED CHIPS,Ultra-processed foods
DL CHOMA SAUSAGE,FAST FOODS,PRE-PREPARED SAUSAGE,Ultra-processed foods
DL HOT DOG PLAIN,FAST FOODS,PRE-PREPARED HOT DOG,Ultra-processed foods
DL LYONNAISE POTATOES,FAST FOODS,PRE-PREPARED ROAST POTATOES,Ultra-processed foods
DL MASALA CHIPS,FAST FOODS,PRE-PREPARED CHIPS,Ultra-processed foods
DL MIXED VEGETABLES,FAST FOODS,PRE-PREPARED MIXED VEGETABLES,Ultra-processed foods
DL PILAU,FAST FOODS,PRE-PREPARED PILAU,Ultra-processed foods
DL SPAGHETTI BOLOGNUIS,FAST FOODS,PRE-PREPARED SPAGHETTI,Ultra-processed foods
DL STEAMED RICE,FAST FOODS,PRE-PREPARED RICE,Ultra-processed foods
DL WHITE CHAPATI,FAST FOODS,PRE-PREPARED CHAPATI,Ultra-processed foods
DM MANGO JUICE BLEND,FRESH/FRUIT JUICES - NO ADDED SUGAR,FRESH/FRUIT JUICES - NO ADDED SUGAR,Unprocessed/Minimally processed foods
DM MIXED BERRY JUICE BLEND,FRESH/FRUIT JUICES - NO ADDED SUGAR,FRESH/FRUIT JUICES - NO ADDED SUGAR,Unprocessed/Minimally processed foods
DM ORANGE JUICE BLEND,FRESH/FRUIT JUICES - NO ADDED SUGAR,FRESH/FRUIT JUICES - NO ADDED SUGAR,Unprocessed/Minimally processed foods
DM PASSION JUICE BLEND,FRESH/FRUIT JUICES - NO ADDED SUGAR,FRESH/FRUIT JUICES - NO ADDED SUGAR,Unprocessed/Minimally processed foods
DM PINEAPPLE & ORANGE JUICE BLEND,FRESH/FRUIT JUICES - NO ADDED SUGAR,FRESH/FRUIT JUICES - NO ADDED SUGAR,Unprocessed/Minimally processed foods
DM PINEAPPLE MANGO BLEND,FRESH/FRUIT JUICES - NO ADDED SUGAR,FRESH/FRUIT JUICES - NO ADDED SUGAR,Unprocessed/Minimally processed foods
DM PURE GOLD PINEAPLE JUICE,FRESH/FRUIT JUICES - NO ADDED SUGAR,FRESH/FRUIT JUICES - NO ADDED SUGAR,Unprocessed/Minimally processed foods
DM TROPICAL FRUIT JUICE,FRESH/FRUIT JUICES - NO ADDED SUGAR,FRESH/FRUIT JUICES - NO ADDED SUGAR,Unprocessed/Minimally processed foods
DOLA ATTA MARK,WHEAT FLOUR,WHEAT FLOUR - ATTA,Unprocessed/Minimally processed foods
DORMANS 3K,COFFEE,COFFEE - UNSWEETENED WITHOUT MILK,Unprocessed/Minimally processed foods
DORMANS GRANULATED INSTANT COFFEE,COFFEE,COFFEE - UNSWEETENED WITHOUT MILK,Unprocessed/Minimally processed foods
DORMANS STICK INSTANT COFFEE,COFFEE,COFFEE - UNSWEETENED WITHOUT MILK,Unprocessed/Minimally processed foods
DOUGHNUT PLAIN,PASTRIES,PASTRIES - DOUGHNUT,Ultra-processed foods
EDEN T/BAG ENV LEMON,TEA,TEA - UNSWEETENED WITHOUT MILK,Unprocessed/Minimally processed foods
EDEN T/BAG ENV TANGAWIZI,TEA,TEA - UNSWEETENED WITHOUT MILK,Unprocessed/Minimally processed foods
EDEN TEA,TEA,TEA - UNSWEETENED WITHOUT MILK,Unprocessed/Minimally processed foods
ELIANTO,COOKING OIL,VEGETABLE OIL,Processed Culinary Ingredients
ENGARE SPRING WATER,WATER,SPRING WATER,Unprocessed/Minimally processed foods
ENGLISH MUFFINS,CUPCAKES/MUFFINS/QUEENCAKES,MUFFINS,Ultra-processed foods
EUREKA ROASTED CASHEWNUTS,SALTED/SUGARED NUTS,SALTED CASHEW NUTS,Processed foods
EXCEL EXTRA KENYAN PISHORI,CEREAL GRAINS,WHITE RICE,Unprocessed/Minimally processed foods
EXCEL GLUCOSE,SUGAR - POWDERED,GLUCOSE,Processed Culinary Ingredients
EXE ALL PURPOSE,WHEAT FLOUR,WHEAT FLOUR,Unprocessed/Minimally processed foods
EXE BROWN BREAD FLOUR,WHEAT FLOUR,WHEAT FLOUR,Unprocessed/Minimally processed foods
EXE CHAPATI FLOUR,WHEAT FLOUR,WHEAT FLOUR,Unprocessed/Minimally processed foods
EXE MANDAZI,WHEAT FLOUR,WHEAT FLOUR,Unprocessed/Minimally processed foods
EXE SELF RAISING,WHEAT FLOUR,WHEAT FLOUR,Unprocessed/Minimally processed foods
EXECUTIVE CHILLI SAUCE,TABLE SAUCES,CHILLI/HOT SAUCE,Ultra-processed foods
EXECUTIVE TOMATO SAUCE,TABLE SAUCES,TOMATO SAUCE,Ultra-processed foods
FAHARI YA KENYA MASALA TEA,TEA,TEA - UNSWEETENED WITHOUT MILK,Unprocessed/Minimally processed foods
FAMILA BABY WEANING MIX,BABY FOODS - PORRIDGE FLOUR,BABY/INFANT PORRIDGE FLOUR,Unprocessed/Minimally processed foods
FAMILA INFANT WEANING MIX,BABY FOODS - PORRIDGE FLOUR,BABY/INFANT PORRIDGE FLOUR,Unprocessed/Minimally processed foods
FAMILA PURE WIMBI,RED MILLET FLOUR,RED MILLET FLOUR,Unprocessed/Minimally processed foods
FAMILA UJIMIX,RED MILLET FLOUR,RED MILLET FLOUR,Unprocessed/Minimally processed foods
FAMILY MADEIRA,MARBLE CAKES,MARBLE CAKES,Ultra-processed foods
FAMILY MADEIRA MILL BAKER,MARBLE CAKES,MARBLE CAKES,Ultra-processed foods
FANCY CAKE MILL BAKERS,MARBLE CAKES,MARBLE CAKES,Ultra-processed foods
FARAJA PREM TEA SAT,TEA,TEA - UNSWEETENED WITHOUT MILK,Unprocessed/Minimally processed foods
FAREGELLO TOMATO PASTE,TOMATO PASTE,TOMATO PASTE,Processed foods
FAT (KITE),COOKING FAT,VEGETABLE FAT,Processed Culinary Ingredients
FESTIVE BROWN BREAD,BREADS,BROWN BREAD,Ultra-processed foods
FESTIVE CREAM ROLL CARAMEL,BUNS/ROLLS,SWEET ROLLS,Ultra-processed foods
FESTIVE CREAM ROLL CHOCOLATE,BUNS/ROLLS,SWEET ROLLS,Ultra-processed foods
FESTIVE CREAM ROLL S/BERRY,BUNS/ROLLS,SWEET ROLLS,Ultra-processed foods
FESTIVE CREAM ROLL VANILLA,BUNS/ROLLS,SWEET ROLLS,Ultra-processed foods
FESTIVE DELUXE ROLLS,BUNS/ROLLS,SWEET ROLLS,Ultra-processed foods
FESTIVE MILKY WHITE BREAD,BREADS,WHITE BREAD,Ultra-processed foods
FESTIVE PREM BURGER PLAIN,BUNS/ROLLS,PLAIN BUNS,Ultra-processed foods
FESTIVE PREM BURGER W/SESAME,BUNS/ROLLS,SESAME BUNS,Ultra-processed foods
FESTIVE SUPREME WHOLE MEAL BREAD,BREADS,BROWN BREAD,Ultra-processed foods
FESTIVE WHITE BREAD,BREADS,WHITE BREAD,Ultra-processed foods
FISH MASALA DEEPA,HERBS AND SPICES,SPICES - FISH MASALA,Unprocessed/Minimally processed foods
FOOD COLOUR FESTIVAL CHOCOLATE BROWN,FOOD COLOUR ADDITIVES,FOOD COLOUR ADDITIVES,Ultra-processed foods
FOOD COLOUR FESTIVAL EGG YELLOW,FOOD COLOUR ADDITIVES,FOOD COLOUR ADDITIVES,Ultra-processed foods
FOOD COLOUR FESTIVAL GOLDEN YELLOW,FOOD COLOUR ADDITIVES,FOOD COLOUR ADDITIVES,Ultra-processed foods
FOOD COLOUR FESTIVAL GREEN,FOOD COLOUR ADDITIVES,FOOD COLOUR ADDITIVES,Ultra-processed foods
FOOD COLOUR FESTIVAL MAROON,FOOD COLOUR ADDITIVES,FOOD COLOUR ADDITIVES,Ultra-processed foods
FOOD COLOUR FESTIVAL S/BERRY,FOOD FLAVOUR ADDITIVES,FOOD FLAVOUR ADDITIVES,Ultra-processed foods
FRESH FRI,COOKING OIL,VEGETABLE OIL,Processed Culinary Ingredients
FRESH MILK FSL,WHOLE MILK,FRESH MILK,Unprocessed/Minimally processed foods
FRESH MILK LDF,WHOLE MILK,FRESH MILK,Unprocessed/Minimally processed foods
FRESHA LALA,NATURAL/PLAIN FERMENTED MILK,NATURAL/PLAIN FERMENTED MILK,Unprocessed/Minimally processed foods
FRESHA MAISHA LONG LIFE TCA,WHOLE MILK,LONG LIFE/UHT MILK,Unprocessed/Minimally processed foods
FRESHA MAISHA LONG LIFE TFA,WHOLE MILK,LONG LIFE/UHT MILK,Unprocessed/Minimally processed foods
FRESHA NAT LALA G/TOP,NATURAL/PLAIN FERMENTED MILK,NATURAL/PLAIN FERMENTED MILK,Unprocessed/Minimally processed foods
FRESHA P/APPLE YOGHURT,FLAVOURED/FRUIT YOGHURT,FLAVOURED/FRUIT YOGHURT,Ultra-processed foods
FRESHA PASSION YOGHURT,FLAVOURED/FRUIT YOGHURT,FLAVOURED/FRUIT YOGHURT,Ultra-processed foods
FRESHA S/BERRY YOGHURT,FLAVOURED/FRUIT YOGHURT,FLAVOURED/FRUIT YOGHURT,Ultra-processed foods
FRESHA S/BERRY YOGHURT G/TOP,FLAVOURED/FRUIT YOGHURT,FLAVOURED/FRUIT YOGHURT,Ultra-processed foods
FRESHA VAN YOGHURT,FLAVOURED/FRUIT YOGHURT,FLAVOURED/FRUIT YOGHURT,Ultra-processed foods
FRESHA WHOLE MILK,WHOLE MILK,FRESH MILK,Unprocessed/Minimally processed foods
FRIED PEANUT H/EATER,SALTED/SUGARED NUTS,SALTED PEANUTS,Processed foods
FRIED PEANUTS FRESH N CRUNCHY,SALTED/SUGARED NUTS,SALTED PEANUTS,Processed foods
FRIED PEAS HAPPY EATER,SWEET AND SAVOURY SNACKS,FRIED PEAS,Ultra-processed foods
FRUIT BUNS,BUNS/ROLLS,SWEET BUNS,Ultra-processed foods
FRUIT CAKE MILL BAKERS,CAKES,CAKES,Ultra-processed foods
FRUITFULL BLACK BERRY GRAPE,FRUIT DRINKS/SWEETENED JUICES & BOTTLED TEAS,FRUIT DRINKS/SWEETENED JUICE,Ultra-processed foods
FRUITFULL JUICE CRANBERRY APPLE,FRUIT DRINKS/SWEETENED JUICES & BOTTLED TEAS,FRUIT DRINKS/SWEETENED JUICE,Ultra-processed foods
FRUITFULL JUICE GUAVA PASSION,FRUIT DRINKS/SWEETENED JUICES & BOTTLED TEAS,FRUIT DRINKS/SWEETENED JUICE,Ultra-processed foods
FRUITFULL JUICE MANGO,FRUIT DRINKS/SWEETENED JUICES & BOTTLED TEAS,FRUIT DRINKS/SWEETENED JUICE,Ultra-processed foods
FRUITFULL JUICE PINACOLADA,FRUIT DRINKS/SWEETENED JUICES & BOTTLED TEAS,FRUIT DRINKS/SWEETENED JUICE,Ultra-processed foods
FRUITFULL KIDS MANGO,FRUIT DRINKS/SWEETENED JUICES & BOTTLED TEAS,FRUIT DRINKS/SWEETENED JUICE,Ultra-processed foods
FRUITFULL KIDS STRAWBERRY APPLE,FRUIT DRINKS/SWEETENED JUICES & BOTTLED TEAS,FRUIT DRINKS/SWEETENED JUICE,Ultra-processed foods
FRUITVILLE APPLE JUICE,FRUIT DRINKS/SWEETENED JUICES & BOTTLED TEAS,FRUIT DRINKS/SWEETENED JUICE,Ultra-processed foods
FRUITVILLE APPLE RTD,FRUIT DRINKS/SWEETENED JUICES & BOTTLED TEAS,FRUIT DRINKS/SWEETENED JUICE,Ultra-processed foods
FRUITVILLE BERRY JUICE,FRUIT DRINKS/SWEETENED JUICES & BOTTLED TEAS,FRUIT DRINKS/SWEETENED JUICE,Ultra-processed foods
FRUITVILLE LEMON JUICE,FRUIT DRINKS/SWEETENED JUICES & BOTTLED TEAS,FRUIT DRINKS/SWEETENED JUICE,Ultra-processed foods
FRUITVILLE MANGO JUICE,FRUIT DRINKS/SWEETENED JUICES & BOTTLED TEAS,FRUIT DRINKS/SWEETENED JUICE,Ultra-processed foods
FRUITVILLE MANGO RTD,FRUIT DRINKS/SWEETENED JUICES & BOTTLED TEAS,FRUIT DRINKS/SWEETENED JUICE,Ultra-processed foods
FRUITVILLE ORANGE JUICE,FRUIT DRINKS/SWEETENED JUICES & BOTTLED TEAS,FRUIT DRINKS/SWEETENED JUICE,Ultra-processed foods
FRUITVILLE PINEAPPLE RTD,FRUIT DRINKS/SWEETENED JUICES & BOTTLED TEAS,FRUIT DRINKS/SWEETENED JUICE,Ultra-processed foods
FRUITVILLE TROPICAL RTD,FRUIT DRINKS/SWEETENED JUICES & BOTTLED TEAS,FRUIT DRINKS/SWEETENED JUICE,Ultra-processed foods
FRY MATE,COOKING FAT,VEGETABLE FAT,Processed Culinary Ingredients
FRY MATE REFILL,COOKING FAT,VEGETABLE FAT,Processed Culinary Ingredients
FRYUMS CORN BITES FRESH & CRUNCHY,SWEET AND SAVOURY SNACKS,FRYUMS/FAR FAR,Ultra-processed foods
FULLY DECORATED CAKE,CAKES,CAKES,Ultra-processed foods
GANTHIA FRESH N CRUNCHY,SWEET AND SAVOURY SNACKS,GANTHIA SNACKS,Ultra-processed foods
GARAM MASALA CHARSCO,HERBS AND SPICES,SPICES - GARAM MASALA,Unprocessed/Minimally processed foods
GARAM MASALA DEEPA,HERBS AND SPICES,SPICES - GARAM MASALA,Unprocessed/Minimally processed foods
GARLIC GROUND CHARSCO,HERBS AND SPICES,SPICES - GARLIC,Unprocessed/Minimally processed foods
GARLIC POWDER DEEPA,HERBS AND SPICES,SPICES - GARLIC,Unprocessed/Minimally processed foods
GATL NUREEN PASTA SPAGHETTI,PASTAS,PASTA - SPAGHETTI,Unprocessed/Minimally processed foods
GIBSONS INSTANT COFFEE,COFFEE,COFFEE - UNSWEETENED WITHOUT MILK,Unprocessed/Minimally processed foods
GINGER GROUND DEEPA,HERBS AND SPICES,SPICES - GINGER,Unprocessed/Minimally processed foods
GINGER GROUND YANKEE,HERBS AND SPICES,SPICES - GINGER,Unprocessed/Minimally processed foods
GINGERNUT COOKIES,"COOKIES, BISCUITS AND WAFERS",COOKIES,Ultra-processed foods
GOFRUT APPLE FRUIT DRINK,FRESH/FRUIT JUICES - NO ADDED SUGAR,FRESH/FRUIT JUICES - NO ADDED SUGAR,Unprocessed/Minimally processed foods
GOFRUT MANGO FRUIT DRINK,FRESH/FRUIT JUICES - NO ADDED SUGAR,FRESH/FRUIT JUICES - NO ADDED SUGAR,Unprocessed/Minimally processed foods
GOFRUT MOJITO FRUIT DRINK,FRESH/FRUIT JUICES - NO ADDED SUGAR,FRESH/FRUIT JUICES - NO ADDED SUGAR,Unprocessed/Minimally processed foods
GOFRUT MULTI-FRUIT FRUIT DRINK,FRESH/FRUIT JUICES - NO ADDED SUGAR,FRESH/FRUIT JUICES - NO ADDED SUGAR,Unprocessed/Minimally processed foods
GOFRUT ORANGE FRUIT DRINK,FRESH/FRUIT JUICES - NO ADDED SUGAR,FRESH/FRUIT JUICES - NO ADDED SUGAR,Unprocessed/Minimally processed foods
GOLDBAND,MARGARINE,MARGARINE,Ultra-processed foods
GOLDEN BARREL BROWN,BREADS,BROWN BREAD,Ultra-processed foods
GOLDEN BARREL WHITE,BREADS,WHITE BREAD,Ultra-processed foods
GOLDEN BUTTER COOKIES BISCUIT,"COOKIES, BISCUITS AND WAFERS",COOKIES,Ultra-processed foods
GOLDEN C/NUT COOKIES BISCUIT,"COOKIES, BISCUITS AND WAFERS",COOKIES,Ultra-processed foods
GOLDEN CASHEW COOKIES BISCUIT,"COOKIES, BISCUITS AND WAFERS",COOKIES,Ultra-processed foods
GOLDEN CHOCOLATE CHIPS COOKIES BISCUIT,"COOKIES, BISCUITS AND WAFERS",COOKIES,Ultra-processed foods
GOLDEN CREAM VANILLA BISCUIT,"COOKIES, BISCUITS AND WAFERS",BISCUITS,Ultra-processed foods
GOLDEN DIGESTIVE CLASSIC BISCUIT,"COOKIES, BISCUITS AND WAFERS",BISCUITS,Ultra-processed foods
GOLDEN FAMILY BISCUIT,"COOKIES, BISCUITS AND WAFERS",BISCUITS,Ultra-processed foods
GOLDEN FRY,COOKING OIL,VEGETABLE OIL,Processed Culinary Ingredients
GOLDEN GLUCOSE ENERGY BISCUITS,"COOKIES, BISCUITS AND WAFERS",BISCUITS,Ultra-processed foods
GOLDEN LONG GRAIN RICE,CEREAL GRAINS,WHITE RICE,Unprocessed/Minimally processed foods
GOLDEN MARIETTA BISCUITS,"COOKIES, BISCUITS AND WAFERS",BISCUITS,Ultra-processed foods
GOLDEN RICH SHORTCAKE BISCUITS,"COOKIES, BISCUITS AND WAFERS",BISCUITS,Ultra-processed foods
GOLDEN SHORTCAKE BISCUIT,"COOKIES, BISCUITS AND WAFERS",BISCUITS,Ultra-processed foods
GOLDEN STRAWBERRY CREAM BISCUITS,"COOKIES, BISCUITS AND WAFERS",BISCUITS,Ultra-processed foods
GOLDEN WHEAT FLOUR,WHEAT FLOUR,WHEAT FLOUR,Unprocessed/Minimally processed foods
GONUTS FRIED PEANUTS,SALTED/SUGARED NUTS,SALTED PEANUTS,Processed foods
GONUTS ROASTED PEANUTS,SALTED/SUGARED NUTS,SALTED PEANUTS,Processed foods
GONUTS ROASTED PEANUTS SKINNED,SALTED/SUGARED NUTS,SALTED PEANUTS,Processed foods
GREEN GRAM MUNG BUTTERFLY,"PULSES - PEAS, LENTILS, BEANS",GREEN GRAMS,Unprocessed/Minimally processed foods
GREEN GRAM POLISHED BUTTERFLY,"PULSES - PEAS, LENTILS, BEANS",GREEN GRAMS,Unprocessed/Minimally processed foods
H O M C/NUT COOKIES,"COOKIES, BISCUITS AND WAFERS",COOKIES,Ultra-processed foods
H O M CHOCO CHIP COOKIES,"COOKIES, BISCUITS AND WAFERS",COOKIES,Ultra-processed foods
H O MANJI BANANA WAFER,"COOKIES, BISCUITS AND WAFERS",WAFERS,Ultra-processed foods
H O MANJI BOURBON,"COOKIES, BISCUITS AND WAFERS",BISCUITS,Ultra-processed foods
H O MANJI BUTTER CASHEW COOKIES,"COOKIES, BISCUITS AND WAFERS",COOKIES,Ultra-processed foods
H O MANJI CHEESE SNIPS,"COOKIES, BISCUITS AND WAFERS",BISCUITS,Ultra-processed foods
H O MANJI CHOCOLATE WAFER,"COOKIES, BISCUITS AND WAFERS",WAFERS,Ultra-processed foods
H O MANJI CREAM CHOCOLATE,"COOKIES, BISCUITS AND WAFERS",BISCUITS,Ultra-processed foods
H O MANJI CREAM ORANGE,"COOKIES, BISCUITS AND WAFERS",BISCUITS,Ultra-processed foods
H O MANJI DIGESTIVE,"COOKIES, BISCUITS AND WAFERS",BISCUITS,Ultra-processed foods
H O MANJI DUOS BISCUIT,"COOKIES, BISCUITS AND WAFERS",BISCUITS,Ultra-processed foods
H O MANJI FAMILY,"COOKIES, BISCUITS AND WAFERS",BISCUITS,Ultra-processed foods
H O MANJI FAMILY CLASSIC,"COOKIES, BISCUITS AND WAFERS",BISCUITS,Ultra-processed foods
H O MANJI GINGER CLASSIC BISCUIT,"COOKIES, BISCUITS AND WAFERS",BISCUITS,Ultra-processed foods
H O MANJI GINGER COOKIES,"COOKIES, BISCUITS AND WAFERS",COOKIES,Ultra-processed foods
H O MANJI GINGER SNAPS,"COOKIES, BISCUITS AND WAFERS",BISCUITS,Ultra-processed foods
H O MANJI GINGERNUT,"COOKIES, BISCUITS AND WAFERS",BISCUITS,Ultra-processed foods
H O MANJI GLUCOSE,"COOKIES, BISCUITS AND WAFERS",BISCUITS,Ultra-processed foods
H O MANJI GLUCOSE BISCUITS,"COOKIES, BISCUITS AND WAFERS",BISCUITS,Ultra-processed foods
H O MANJI HEB HONEY & CHOCO,"COOKIES, BISCUITS AND WAFERS",BISCUITS,Ultra-processed foods
H O MANJI HEB MILK & EGG,"COOKIES, BISCUITS AND WAFERS",BISCUITS,Ultra-processed foods
H O MANJI MANJIMIX OATS,CEREAL GRAINS,OATS,Unprocessed/Minimally processed foods
H O MANJI MARIE,"COOKIES, BISCUITS AND WAFERS",BISCUITS,Ultra-processed foods
H O MANJI MARIE CLASSIC,"COOKIES, BISCUITS AND WAFERS",BISCUITS,Ultra-processed foods
H O MANJI MILKSTAR,"COOKIES, BISCUITS AND WAFERS",BISCUITS,Ultra-processed foods
H O MANJI MORNING BREEZE,"COOKIES, BISCUITS AND WAFERS",BISCUITS,Ultra-processed foods
H O MANJI NICE,"COOKIES, BISCUITS AND WAFERS",BISCUITS,Ultra-processed foods
H O MANJI ORANGE WAFER,"COOKIES, BISCUITS AND WAFERS",WAFERS,Ultra-processed foods
H O MANJI S/BERRY WAFER,"COOKIES, BISCUITS AND WAFERS",WAFERS,Ultra-processed foods
H O MANJI SO NICE,"COOKIES, BISCUITS AND WAFERS",BISCUITS,Ultra-processed foods
H O MANJI TREAT CHOCOLATE COOKIES,"COOKIES, BISCUITS AND WAFERS",COOKIES,Ultra-processed foods
HALF DECO CAKE,CAKES,CAKES,Ultra-processed foods
HALF DECORATED CAKE,CAKES,CAKES,Ultra-processed foods
HALK MINI MUFFIN FRUIT CAKE,CUPCAKES/MUFFINS/QUEENCAKES,MUFFINS,Ultra-processed foods
HALK NUTFRESH CHOCOLATE W/H/NUT WAFER,"COOKIES, BISCUITS AND WAFERS",WAFERS,Ultra-processed foods
HALK SLIM STICK CHOCOLATE,CHOCOLATE,CHOCOLATE,Ultra-processed foods
HEART DELI MILL BAKERS,MARBLE CAKES,MARBLE CAKES,Ultra-processed foods
HEART MADEIRA,MARBLE CAKES,MARBLE CAKES,Ultra-processed foods
HEINZ TOMATO KETCHUP,TABLE SAUCES,TOMATO KETCHUP,Ultra-processed foods
HEX FANCY CAKE,CAKES,CAKES,Ultra-processed foods
HIGHLANDS LEMON CORDIAL,DILUTING JUICE,CORDIALS,Ultra-processed foods
HIGHLANDS MANGO CORDIAL,DILUTING JUICE,CORDIALS,Ultra-processed foods
HIGHLANDS ORANGE CORDIAL,DILUTING JUICE,CORDIALS,Ultra-processed foods
HIGHLANDS PINEAPPLE CORDIAL,DILUTING JUICE,CORDIALS,Ultra-processed foods
HIGHLANDS TROPICAL CORDIAL,DILUTING JUICE,CORDIALS,Ultra-processed foods
HILWA MACARONI ELBOW,PASTAS,PASTA - MACARONI,Unprocessed/Minimally processed foods
HILWA MACARONI SPIRALLI (TWISTED),PASTAS,PASTA - MACARONI,Unprocessed/Minimally processed foods
HOOPS CHEESE & ONION CRISPS,SWEET AND SAVOURY SNACKS,POTATO CRISPS,Ultra-processed foods
HOOPS SALT & VINEGAR CRISPS,SWEET AND SAVOURY SNACKS,POTATO CRISPS,Ultra-processed foods
HOOPS SALTED CRISPS,SWEET AND SAVOURY SNACKS,POTATO CRISPS,Ultra-processed foods
HOOPS SALTED CRISPS C&R,SWEET AND SAVOURY SNACKS,POTATO CRISPS,Ultra-processed foods
HOSTESS,MAIZE/CORN FLOUR,MAIZE FLOUR,Unprocessed/Minimally processed foods
ILARA FRESH MILK,WHOLE MILK,FRESH MILK,Unprocessed/Minimally processed foods
ILARA MAZILA,WHOLE MILK,FRESH MILK,Unprocessed/Minimally processed foods
ILARA S/BERRY YOGHURT,FLAVOURED/FRUIT YOGHURT,FLAVOURED/FRUIT YOGHURT,Ultra-processed foods
ILARA VANILLA YOGHURT,FLAVOURED/FRUIT YOGHURT,FLAVOURED/FRUIT YOGHURT,Ultra-processed foods
ILARA YOGHURT FOREST BERRY,FLAVOURED/FRUIT YOGHURT,FLAVOURED/FRUIT YOGHURT,Ultra-processed foods
ILARA YOGHURT MANGO,FLAVOURED/FRUIT YOGHURT,FLAVOURED/FRUIT YOGHURT,Ultra-processed foods
ILARA YOGHURT NATURAL,NATURAL/PLAIN YOGHURT,NATURAL/PLAIN YOGHURT,Unprocessed/Minimally processed foods
ILARA YOGHURT S/BERRY,FLAVOURED/FRUIT YOGHURT,FLAVOURED/FRUIT YOGHURT,Ultra-processed foods
ILARA YOGHURT VANILLA,FLAVOURED/FRUIT YOGHURT,FLAVOURED/FRUIT YOGHURT,Ultra-processed foods
INDO MIE JUMBO CHICKEN FLAVOUR,NOODLES,NOODLES,Ultra-processed foods
INDOMIE BEEF JUMBO,NOODLES,NOODLES,Ultra-processed foods
INDOMIE BEEF NOODLES 5IN1 *5,NOODLES,NOODLES,Ultra-processed foods
INDOMIE CHICKEN NOODLES 5 IN,NOODLES,NOODLES,Ultra-processed foods
INDOMIE NOODLES CHICKEN,NOODLES,NOODLES,Ultra-processed foods
INDOMIE SPECIAL CHICKEN NOODLES V/P,NOODLES,NOODLES,Ultra-processed foods
INDOMIE SUPA MOJO NOODLES,NOODLES,NOODLES,Ultra-processed foods
INDOMIE SUPA MOJO NOODLES 5IN1 *5,NOODLES,NOODLES,Ultra-processed foods
JAMBY FAMILY PORRIDGE,PORRIDGE FLOUR,PORRIDGE FLOUR - MILLET,Unprocessed/Minimally processed foods
JIMBI MAIZE,MAIZE/CORN FLOUR,MAIZE FLOUR,Unprocessed/Minimally processed foods
JOGOO,MAIZE/CORN FLOUR,MAIZE FLOUR,Unprocessed/Minimally processed foods
JOGOO MAIZE MEAL,MAIZE/CORN FLOUR,MAIZE FLOUR,Unprocessed/Minimally processed foods
JOGOO WIMBI,RED MILLET FLOUR,RED MILLET FLOUR,Unprocessed/Minimally processed foods
JOY SUPER BITES MANDAZI,PASTRIES,PASTRIES - MANDAZI,Ultra-processed foods
K C C FRESH MILK (GREEN),WHOLE MILK,FRESH MILK,Unprocessed/Minimally processed foods
K C C FRESH MILK G/C TCA,WHOLE MILK,FRESH MILK,Unprocessed/Minimally processed foods
K C C FRESH MILK G/CROWN,WHOLE MILK,FRESH MILK,Unprocessed/Minimally processed foods
K C C FRESH MILK PREM G/C,WHOLE MILK,FRESH MILK,Unprocessed/Minimally processed foods
K C C FRESH MILK WHOLE FINO,WHOLE MILK,FRESH MILK,Unprocessed/Minimally processed foods
K C C FRESH MILK WHOLE TCA (GREEN),WHOLE MILK,FRESH MILK,Unprocessed/Minimally processed foods
K C C GOLD CROWN ASEP F/P,WHOLE MILK,LONG LIFE/UHT MILK,Unprocessed/Minimally processed foods
K C C LONG LIFE ASEP F/P (GREEN),WHOLE MILK,LONG LIFE/UHT MILK,Unprocessed/Minimally processed foods
K C C MALA FILPACK,NATURAL/PLAIN FERMENTED MILK,NATURAL/PLAIN FERMENTED MILK,Unprocessed/Minimally processed foods
K C C MALA PLAIN,NATURAL/PLAIN FERMENTED MILK,NATURAL/PLAIN FERMENTED MILK,Unprocessed/Minimally processed foods
K C C MALA SLEEVED,NATURAL/PLAIN FERMENTED MILK,NATURAL/PLAIN FERMENTED MILK,Unprocessed/Minimally processed foods
KABRAS SUGAR WHITE,SUGAR,WHITE SUGAR,Processed Culinary Ingredients
KAHAWA NO.1,COFFEE,COFFEE - UNSWEETENED WITHOUT MILK,Unprocessed/Minimally processed foods
KANZ MAYONNAISE,TABLE SAUCES,MAYONNAISE,Ultra-processed foods
KARIBU ALL PURPOSE,WHEAT FLOUR,WHEAT FLOUR,Unprocessed/Minimally processed foods
KARSA BINBIR FLASH WHITE CHOCOLATE WAFER,"COOKIES, BISCUITS AND WAFERS",WAFERS,Ultra-processed foods
KARSA KLAS MOSAIC BISCUIT,"COOKIES, BISCUITS AND WAFERS",BISCUITS,Ultra-processed foods
KARSA KLAS WITH COCOA,"COOKIES, BISCUITS AND WAFERS",BISCUITS,Ultra-processed foods
KASUKU,COOKING FAT,VEGETABLE FAT,Processed Culinary Ingredients
KCC G/C LACTOSE FREE TFA,WHOLE MILK,LACTOSE FREE MILK,Unprocessed/Minimally processed foods
KCC TAIFA FRESH MILK,WHOLE MILK,FRESH MILK,Unprocessed/Minimally processed foods
KEN BROWN VINEGAR,TABLE SAUCES,VINEGAR,Ultra-processed foods
KEN CHILLI SAUCE,TABLE SAUCES,CHILLI/HOT SAUCE,Ultra-processed foods
KEN MIXED FRUIT JAM,JAM/OTHER SPREADS,FRUIT JAM,Ultra-processed foods
KEN TOMATO SAUCE,TABLE SAUCES,TOMATO SAUCE,Ultra-processed foods
KEN TOMATO SAUCE 5L/,TABLE SAUCES,TOMATO SAUCE,Ultra-processed foods
KEN WHITE VINEGAR,TABLE SAUCES,VINEGAR,Ultra-processed foods
KENSALT,SALT,TABLE SALT,Processed Culinary Ingredients
KENSALT TABLE SALT,SALT,TABLE SALT,Processed Culinary Ingredients
KENTASTE C/NUT COOKING OIL,COOKING OIL,COCONUT OIL,Processed Culinary Ingredients
KENTASTE C/NUT CREAM TIN,COOKING SAUCES,COCONUT CREAM,Ultra-processed foods
KENTASTE C/NUT MILK TIN,PLANT MILK,COCONUT MILK,Ultra-processed foods
KENTASTE COCONUT MILK,PLANT MILK,COCONUT MILK,Ultra-processed foods
KENYAN CHEVDA HOT T/HEAT,SWEET AND SAVOURY SNACKS,CHEVDA/BOMBAY MIX,Ultra-processed foods
KENYLON RED PLUM JAM,JAM/OTHER SPREADS,FRUIT JAM,Ultra-processed foods
KENYLON S/BERRY JAM,JAM/OTHER SPREADS,FRUIT JAM,Ultra-processed foods
KENYLON TOMATO PASTE,TOMATO PASTE,TOMATO PASTE,Processed foods
KENZY TOMATO PASTE,TOMATO PASTE,TOMATO PASTE,Processed foods
KERICHO GOLD,TEA,TEA - UNSWEETENED WITHOUT MILK,Unprocessed/Minimally processed foods
KERICHO GOLD GINGER & LEMON,TEA,TEA - UNSWEETENED WITHOUT MILK,Unprocessed/Minimally processed foods
KERICHO GOLD STRING & TAG,TEA,TEA - UNSWEETENED WITHOUT MILK,Unprocessed/Minimally processed foods
KERINGET MINERAL WATER,WATER,MINERAL WATER,Unprocessed/Minimally processed foods
KETEPA FAHARI YA KENYA,TEA,TEA - UNSWEETENED WITHOUT MILK,Unprocessed/Minimally processed foods
KETEPA JANI GREEN TEA,HERBAL INFUSIONS,GREEN TEA,Unprocessed/Minimally processed foods
KETEPA PRIDE GINGER,TEA,TEA - UNSWEETENED WITHOUT MILK,Unprocessed/Minimally processed foods
KETEPA TEA BAG ECONOMY TAGGED,TEA,TEA - UNSWEETENED WITHOUT MILK,Unprocessed/Minimally processed foods
KETEPA TEA BAG ECONOMY UNTAGGED,TEA,TEA - UNSWEETENED WITHOUT MILK,Unprocessed/Minimally processed foods
KETEPA TEA BAG LEMON HANDY TAGGED,TEA,TEA - UNSWEETENED WITHOUT MILK,Unprocessed/Minimally processed foods
KETEPA TEA BAG MASALA HANDY,TEA,TEA - UNSWEETENED WITHOUT MILK,Unprocessed/Minimally processed foods
KIFARU HOME BAKING,WHEAT FLOUR,WHEAT FLOUR,Unprocessed/Minimally processed foods
KIFARU MAIZE,MAIZE/CORN FLOUR,MAIZE FLOUR,Unprocessed/Minimally processed foods
KIMBO,COOKING FAT,VEGETABLE FAT,Processed Culinary Ingredients
KIMBO PREMIUM OIL,COOKING OIL,VEGETABLE OIL,Processed Culinary Ingredients
KINANGOP BOTTLED NATURAL LALA,NATURAL/PLAIN FERMENTED MILK,NATURAL/PLAIN FERMENTED MILK,Unprocessed/Minimally processed foods
KINANGOP FRESH MILK,WHOLE MILK,FRESH MILK,Unprocessed/Minimally processed foods
KINANGOP FRESH MILK GOLD,WHOLE MILK,FRESH MILK,Unprocessed/Minimally processed foods
KINANGOP GOLD TFA,WHOLE MILK,LONG LIFE/UHT MILK,Unprocessed/Minimally processed foods
KINANGOP LONG LIFE MILK,WHOLE MILK,LONG LIFE/UHT MILK,Unprocessed/Minimally processed foods
KINANGOP STRAWBERRY YOGHURT,FLAVOURED/FRUIT YOGHURT,FLAVOURED/FRUIT YOGHURT,Ultra-processed foods
KINANGOP VANILLA YOGHURT,FLAVOURED/FRUIT YOGHURT,FLAVOURED/FRUIT YOGHURT,Ultra-processed foods
KINDER CHOCOLATE T4,CHOCOLATE,CHOCOLATE,Ultra-processed foods
KINDER JOY BOY,CHOCOLATE,CHOCOLATE,Ultra-processed foods
KINDER JOY GIRL,CHOCOLATE,CHOCOLATE,Ultra-processed foods
KNORR BEEF CHILLI CUBE,SOUP FLAVOUR CUBES & MIXES,SOUP FLAVOUR BEEF CUBES,Ultra-processed foods
KNORR CURRY CUBE,SOUP FLAVOUR CUBES & MIXES,SOUP FLAVOUR CURRY CUBES,Ultra-processed foods
KNORR RICH MEATY 40X4GX10,SOUP FLAVOUR CUBES & MIXES,SOUP FLAVOUR MIXES,Ultra-processed foods
KOL CHILLI SAUCE,TABLE SAUCES,CHILLI/HOT SAUCE,Ultra-processed foods
KOL TOMATO PASTE TIN,TOMATO PASTE,TOMATO PASTE,Processed foods
KOL TOMATO SAUCE,TABLE SAUCES,TOMATO SAUCE,Ultra-processed foods
KOL TOMATO SAUCE JERICAN,TABLE SAUCES,TOMATO SAUCE,Ultra-processed foods
KUDOS CHEESE & ONION,SWEET AND SAVOURY SNACKS,CORN PUFFS,Ultra-processed foods
KUDOS CORN PUFF READY SALTED,SWEET AND SAVOURY SNACKS,CORN PUFFS,Ultra-processed foods
KUDOS SALT & VINEGAR,SWEET AND SAVOURY SNACKS,CORN PUFFS,Ultra-processed foods
KUDOS TOMATO KETCHUP,TABLE SAUCES,TOMATO KETCHUP,Ultra-processed foods
LEMON SLICES,MARBLE CAKES,MARBLE CAKES,Ultra-processed foods
LITTLE HEART CAKE,MARBLE CAKES,MARBLE CAKES,Ultra-processed foods
LOTTA CHOCOLATE CREAM TOFFEE,CANDY AND CONFECTIONERY,SWEETS/CANDY,Ultra-processed foods
LOTTA SWEETS FRUIT YOGHURT FLAV,CANDY AND CONFECTIONERY,SWEETS/CANDY,Ultra-processed foods
LUCOZADE,ENERGY DRINKS,ENERGY DRINKS,Ultra-processed foods
LUCOZADE BOOST BUZZ,ENERGY DRINKS,ENERGY DRINKS,Ultra-processed foods
LUCOZADE BOOST RTD,ENERGY DRINKS,ENERGY DRINKS,Ultra-processed foods
LUCOZADE ORIGINAL,ENERGY DRINKS,ENERGY DRINKS,Ultra-processed foods
M/HARVEST CHOCO RICE,BREAKFAST CEREALS,RICE FLAKE CEREALS,Ultra-processed foods
M/HARVEST CHOCO SHELLS V/P,BREAKFAST CEREALS,RICE FLAKE CEREALS,Ultra-processed foods
M/HARVEST CORNFLAKES V/P,BREAKFAST CEREALS,CORN FLAKE CEREALS,Ultra-processed foods
M/HARVEST JUMBO OATS,CEREAL GRAINS,OATS,Unprocessed/Minimally processed foods
M/MAID FRUITY BOOST MANGO,FRUIT DRINKS/SWEETENED JUICES & BOTTLED TEAS,FRUIT DRINKS/SWEETENED JUICE,Ultra-processed foods
M/MAID FRUITY BOOST TROPICAL,FRUIT DRINKS/SWEETENED JUICES & BOTTLED TEAS,FRUIT DRINKS/SWEETENED JUICE,Ultra-processed foods
M/MAID REFRESH BERRY,FRUIT DRINKS/SWEETENED JUICES & BOTTLED TEAS,FRUIT DRINKS/SWEETENED JUICE,Ultra-processed foods
MABUYU YANA,CANDY AND CONFECTIONERY,BAOBAB SEED CANDY/MABUYU,Ultra-processed foods
MAC COFFEE CLASSIC INST,COFFEE,COFFEE - UNSWEETENED WITHOUT MILK,Unprocessed/Minimally processed foods
MAC WHITE COFFEE,COFFEE,COFFEE - UNSWEETENED WITHOUT MILK,Unprocessed/Minimally processed foods
MAC WHT MORNING COFFEE 3 IN 1 SAT,COFFEE,COFFEE - SWEETENED WITH MILK,Unprocessed/Minimally processed foods
MACADAMIA ROASTED & SALTED K/NUT,SALTED/SUGARED NUTS,SALTED MACADAMIA NUTS,Processed foods
MADEIRA SMALL,MARBLE CAKES,MARBLE CAKES,Ultra-processed foods
MALLO,COOKING FAT,VEGETABLE FAT,Processed Culinary Ingredients
MAMA ALL PURPOSE,WHEAT FLOUR,WHEAT FLOUR,Unprocessed/Minimally processed foods
MAMA MAIZE,MAIZE/CORN FLOUR,MAIZE FLOUR,Unprocessed/Minimally processed foods
MANJI CAKE SNACK ORANGE & CHOCOLATE FLAV,"COOKIES, BISCUITS AND WAFERS",BISCUITS,Ultra-processed foods
MARA SUGAR WHITE,SUGAR,WHITE SUGAR,Processed Culinary Ingredients
MARBLE CAKE SLICE,MARBLE CAKES,MARBLE CAKES,Ultra-processed foods
MARBLE SLICES MILL BAKERS,MARBLE CAKES,MARBLE CAKES,Ultra-processed foods
MASALA PEANUT H/EATER,SALTED/SUGARED NUTS,SALTED PEANUTS,Processed foods
MASALA STICKS DEEPA,SWEET AND SAVOURY SNACKS,POTATO STICKS,Ultra-processed foods
MB APPLE 1PC T RED/C PINK/C RED/AFRICAN RED,FRUITS,APPLES,Unprocessed/Minimally processed foods
MB APPLE ASSORT 10PC NET,FRUITS,APPLES,Unprocessed/Minimally processed foods
MB APPLE ASSORT 4PACK,FRUITS,APPLES,Unprocessed/Minimally processed foods
MB APPLE ASSORT 6PACK,FRUITS,APPLES,Unprocessed/Minimally processed foods
MB APPLE CRISP PINK 1PC LARGE 165/,FRUITS,APPLES,Unprocessed/Minimally processed foods
MB APPLE CRISP PINK 4PACK,FRUITS,APPLES,Unprocessed/Minimally processed foods
MB APPLE CRISP PINK 6PACK,FRUITS,APPLES,Unprocessed/Minimally processed foods
MB APPLE GREEN 4PACK,FRUITS,APPLES,Unprocessed/Minimally processed foods
MB APPLE GREEN 6PACK,FRUITS,APPLES,Unprocessed/Minimally processed foods
MB APPLE PINK LADY 4PACK,FRUITS,APPLES,Unprocessed/Minimally processed foods
MB ARROWROOTS,ROOT VEGETABLES,ARROWROOTS,Unprocessed/Minimally processed foods
MB AVOCADO FRUIT,FRUITS,AVOCADO,Unprocessed/Minimally processed foods
MB BLACK PASSION FRUIT,FRUITS,PASSION FRUITS,Unprocessed/Minimally processed foods
MB BROCCOLI,VEGETABLES,BROCCOLI,Unprocessed/Minimally processed foods
MB CARIBBEAN RED PEPPER,HERBS AND SPICES,SPICES - CHILLIES,Unprocessed/Minimally processed foods
MB CARROTS,VEGETABLES,CARROTS,Unprocessed/Minimally processed foods
MB CAULIFLOWER,VEGETABLES,CAULIFLOWER,Unprocessed/Minimally processed foods
MB CELERY,VEGETABLES,CELERY,Unprocessed/Minimally processed foods
MB COCONUT FRUIT /,FRUITS,COCONUT,Unprocessed/Minimally processed foods
MB CORGETTES,VEGETABLES,CORGETTES,Unprocessed/Minimally processed foods
MB EGGPLANT,VEGETABLES,EGGPLANTS,Unprocessed/Minimally processed foods
MB GARLIC IMPORTED -SNOW WHT,HERBS AND SPICES,SPICES - GARLIC,Unprocessed/Minimally processed foods
MB GINGER,HERBS AND SPICES,SPICES - GINGER,Unprocessed/Minimally processed foods
MB GRAPES RED SEEDLESS,FRUITS,GRAPES,Unprocessed/Minimally processed foods
MB GREEN BANANA (MATOKE),VEGETABLES,GREEN BANANAS,Unprocessed/Minimally processed foods
MB HOHO GREEN,HERBS AND SPICES,SPICES - BELL PEPPERS/HOHO,Unprocessed/Minimally processed foods
MB LEMON LOCAL KG,FRUITS,LEMONS,Unprocessed/Minimally processed foods
MB LIME FRUIT,FRUITS,LIME,Unprocessed/Minimally processed foods
MB LOCAL CUCUMBER,VEGETABLES,CUCUMBER,Unprocessed/Minimally processed foods
MB MIX VEGE,VEGETABLES,MIXED VEGETABLES,Unprocessed/Minimally processed foods
MB ORANGES IMPORTED 5PACK,FRUITS,ORANGES,Unprocessed/Minimally processed foods
MB ORANGES IMPORTED 8PC NET,FRUITS,ORANGES,Unprocessed/Minimally processed foods
MB PAWPAW FRUIT,FRUITS,PAW PAWS,Unprocessed/Minimally processed foods
MB PEPPER,HERBS AND SPICES,SPICES - CHILLIES,Unprocessed/Minimally processed foods
MB PUMPKIN,VEGETABLES,PUMPKIN,Unprocessed/Minimally processed foods
MB RED CABBAGE,VEGETABLES,CABBAGE,Unprocessed/Minimally processed foods
MB RED ONION,VEGETABLES,ONIONS,Unprocessed/Minimally processed foods
MB RIPE BANANAS KG,FRUITS,RIPE BANANAS,Unprocessed/Minimally processed foods
MB SWEET BANANA,FRUITS,RIPE BANANAS,Unprocessed/Minimally processed foods
MB SWEET POTATOES RED,ROOT VEGETABLES,SWEET POTATO,Unprocessed/Minimally processed foods
MB SWEET POTATOES WHITE,ROOT VEGETABLES,SWEET POTATO,Unprocessed/Minimally processed foods
MB THORN MELON,FRUITS,THORN MELONS,Unprocessed/Minimally processed foods
MB TOMATOES,VEGETABLES,TOMATOES,Unprocessed/Minimally processed foods
MB TREE TOMATOES,VEGETABLES,TOMATOES,Unprocessed/Minimally processed foods
MB TURMERIC,HERBS AND SPICES,SPICES - TURMERIC,Unprocessed/Minimally processed foods
MB TURMERIC FRESH,HERBS AND SPICES,SPICES - TURMERIC,Unprocessed/Minimally processed foods
MB WATER MELON FRUIT,FRUITS,WATER MELONS,Unprocessed/Minimally processed foods
MEATY BEEF SAUSAGE F/CHOICE,PROCESSED MEAT,BEEF SAUSAGES/SMOKIES/VIENNA,Ultra-processed foods
MEGA SPAGHETTI,PASTAS,PASTA - SPAGHETTI,Unprocessed/Minimally processed foods
MELTING MOMENTS,"COOKIES, BISCUITS AND WAFERS",COOKIES,Ultra-processed foods
MELVINS FLOW SALT,SALT,TABLE SALT,Processed Culinary Ingredients
MELVINS GINGER TEA,TEA,TEA - UNSWEETENED WITHOUT MILK,Unprocessed/Minimally processed foods
MELVINS HERBAL SALT,SALT,HERBAL SALT,Processed Culinary Ingredients
MELVINS MASALA,TEA,TEA - UNSWEETENED WITHOUT MILK,Unprocessed/Minimally processed foods
MELVINS PURE KENYA CHAI TEA,TEA,TEA - UNSWEETENED WITHOUT MILK,Unprocessed/Minimally processed foods
MHOGO FOODS CASSAVA FLOUR,CASSAVA FLOUR,CASSAVA FLOUR,Unprocessed/Minimally processed foods
MIKSI CHOCHOLATE DRINK,COCOA,COCOA - SWEETENED WITH MILK,Ultra-processed foods
MIKSI SKIMMED POWDER,MILK POWDER,SKIMMED MILK POWDER,Unprocessed/Minimally processed foods
MIKSI SKIMMED POWDER SATC,MILK POWDER,SKIMMED MILK POWDER,Unprocessed/Minimally processed foods
MILO,COCOA,COCOA - SWEETENED WITH MILK,Ultra-processed foods
MILO TIN,COCOA,COCOA - SWEETENED WITH MILK,Ultra-processed foods
MINI HEARTS,MARBLE CAKES,MARBLE CAKES,Ultra-processed foods
MINI MADEIRA,MARBLE CAKES,MARBLE CAKES,Ultra-processed foods
MINUTE MAID APPLE DELIGHT,FRUIT DRINKS/SWEETENED JUICES & BOTTLED TEAS,FRUIT DRINKS/SWEETENED JUICE,Ultra-processed foods
MINUTE MAID JUICE DELIGHT W/PULPY,FRUIT DRINKS/SWEETENED JUICES & BOTTLED TEAS,FRUIT DRINKS/SWEETENED JUICE,Ultra-processed foods
MINUTE MAID MANGO DELIGHT,FRUIT DRINKS/SWEETENED JUICES & BOTTLED TEAS,FRUIT DRINKS/SWEETENED JUICE,Ultra-processed foods
MINUTE MAID ORANGE PULPY,FRUIT DRINKS/SWEETENED JUICES & BOTTLED TEAS,FRUIT DRINKS/SWEETENED JUICE,Ultra-processed foods
MINUTE MAID TROPICAL DELIGHT,FRUIT DRINKS/SWEETENED JUICES & BOTTLED TEAS,FRUIT DRINKS/SWEETENED JUICE,Ultra-processed foods
MIXED NUT OOA AA K/NUT,SALTED/SUGARED NUTS,SALTED MIXED NUTS,Processed foods
ML FUDGEVILLE DRINKING CHOCOLATE,COCOA,COCOA - UNSWEETENED WITHOUT MILK,Ultra-processed foods
ML MAC COFFEE CLASSIC INST TIN,COFFEE,COFFEE - UNSWEETENED WITHOUT MILK,Unprocessed/Minimally processed foods
ML MAC TEA 3 IN 1 GINGER MILK SAT,TEA,TEA - SWEETENED WITH MILK,Unprocessed/Minimally processed foods
ML MAC TEA 3 IN 1 ORIG MILK SAT,TEA,TEA - SWEETENED WITH MILK,Unprocessed/Minimally processed foods
MOLO FRESH MILK,WHOLE MILK,FRESH MILK,Unprocessed/Minimally processed foods
MOLO LONG LIFE,WHOLE MILK,LONG LIFE/UHT MILK,Unprocessed/Minimally processed foods
MOLO LONG LIFE MILK FINO,WHOLE MILK,LONG LIFE/UHT MILK,Unprocessed/Minimally processed foods
MONSTER ENERGY DRINK ASSAULT,ENERGY DRINKS,ENERGY DRINKS,Ultra-processed foods
MPISHI POA,COOKING FAT,VEGETABLE FAT,Processed Culinary Ingredients
MPISHI POA REFILL,COOKING FAT,VEGETABLE FAT,Processed Culinary Ingredients
MRNP PREMIUM RICE,CEREAL GRAINS,WHITE RICE,Unprocessed/Minimally processed foods
MUFFIN CAKE CHOCO,CUPCAKES/MUFFINS/QUEENCAKES,MUFFINS,Ultra-processed foods
MUFFIN PLAIN,CUPCAKES/MUFFINS/QUEENCAKES,MUFFINS,Ultra-processed foods
NARISHA CHILDREN MEAL,BABY FOODS - PORRIDGE FLOUR,BABY/INFANT PORRIDGE FLOUR,Unprocessed/Minimally processed foods
NATURES GOLD WHITE,BREADS,WHITE BREAD,Ultra-processed foods
NATURES GOLD WHITE BREAD,BREADS,WHITE BREAD,Ultra-processed foods
NDOVU HOME BAKING,WHEAT FLOUR,WHEAT FLOUR,Unprocessed/Minimally processed foods
NESCAFE CLASSIC,COFFEE,COFFEE - UNSWEETENED WITHOUT MILK,Unprocessed/Minimally processed foods
NEW JUICY FRUIT,CANDY AND CONFECTIONERY,CHEWING GUMS,Ultra-processed foods
NICE BIRYANI RICE,CEREAL GRAINS,WHITE RICE,Unprocessed/Minimally processed foods
NICE PISHORI RICE,CEREAL GRAINS,WHITE RICE,Unprocessed/Minimally processed foods
NICE SINDANO RICE,CEREAL GRAINS,WHITE RICE,Unprocessed/Minimally processed foods
NOODIES NOODLES BEEF ADULT,NOODLES,NOODLES,Ultra-processed foods
NOODIES NOODLES CHICKEN ADULT,NOODLES,NOODLES,Ultra-processed foods
NOODIES TOMATO & ONION ADULT,NOODLES,NOODLES,Ultra-processed foods
NUMI INST NOODLES BBQ CHICKEN *4 VP,NOODLES,NOODLES,Ultra-processed foods
NUMI INSTANT NOODLES BBQ CHICKEN,NOODLES,NOODLES,Ultra-processed foods
NUMI INSTANT NOODLES PIRI CHICKEN,NOODLES,NOODLES,Ultra-processed foods
NUMI INSTANT NOODLES VEG MCHUZI MIX,NOODLES,NOODLES,Ultra-processed foods
NUT GOLD PEANUT BUTTER CREAMY,PEANUT BUTTER,PEANUT BUTTER,Ultra-processed foods
NUT GOLD PEANUT BUTTER CRUNCHY,PEANUT BUTTER,PEANUT BUTTER,Ultra-processed foods
NUTELLA SPREAD,CHOCOLATE SPREADS,CHOCOLATE SPREADS,Ultra-processed foods
NUTRIGROW FRUIT & MILK CEREALS,BABY FOODS - WHEAT CEREALS,BABY/INFANT WHEAT CEREALS,Ultra-processed foods
NUTRIPRO INSTANT FAMILY PORRIDGE SORGHUM MIX,PORRIDGE FLOUR,PORRIDGE FLOUR - SORGHUM,Unprocessed/Minimally processed foods
NUTRIPRO INSTANT FAMILY PORRIDGE WIMBI,PORRIDGE FLOUR,PORRIDGE FLOUR - MILLET,Unprocessed/Minimally processed foods
NUVITA BISCUIT BRAVO G,"COOKIES, BISCUITS AND WAFERS",BISCUITS,Ultra-processed foods
NUVITA BISCUIT VITAMILK,"COOKIES, BISCUITS AND WAFERS",BISCUITS,Ultra-processed foods
NUVITA BREAK TIME BUTTER SCOTCH,"COOKIES, BISCUITS AND WAFERS",BISCUITS,Ultra-processed foods
NUVITA BREAK TIME C/NUT,"COOKIES, BISCUITS AND WAFERS",BISCUITS,Ultra-processed foods
NUVITA BREAK TIME REG (GREEN),"COOKIES, BISCUITS AND WAFERS",BISCUITS,Ultra-processed foods
NUVITA COCONUT COOKIES,"COOKIES, BISCUITS AND WAFERS",COOKIES,Ultra-processed foods
NUVITA CRUNCHY GINGER BISCUIT,"COOKIES, BISCUITS AND WAFERS",BISCUITS,Ultra-processed foods
NUVITA DIGESTIVE,"COOKIES, BISCUITS AND WAFERS",BISCUITS,Ultra-processed foods
NUVITA FAMILY,"COOKIES, BISCUITS AND WAFERS",BISCUITS,Ultra-processed foods
NUVITA GLUCOSE/BRAVO G,"COOKIES, BISCUITS AND WAFERS",BISCUITS,Ultra-processed foods
NUVITA OAT DIGESTIVE,"COOKIES, BISCUITS AND WAFERS",BISCUITS,Ultra-processed foods
NUVITA SUNBIX MALTY S-CAKE,"COOKIES, BISCUITS AND WAFERS",BISCUITS,Ultra-processed foods
NUVITA SUNBIX MALTY S/CAKE,"COOKIES, BISCUITS AND WAFERS",BISCUITS,Ultra-processed foods
NUVITA TEA LEMON BISCUIT,"COOKIES, BISCUITS AND WAFERS",BISCUITS,Ultra-processed foods
NUVITA VITAMILK 300PC,"COOKIES, BISCUITS AND WAFERS",BISCUITS,Ultra-processed foods
NUVITA VITAMILK MILKY,"COOKIES, BISCUITS AND WAFERS",BISCUITS,Ultra-processed foods
NUVITA VITAMILK MILKY 60X5PC,"COOKIES, BISCUITS AND WAFERS",BISCUITS,Ultra-processed foods
NYAMABITE F/CHOICE,PROCESSED MEAT,NYAMABITE,Ultra-processed foods
ORBIT TAB BERRY BLAST,CANDY AND CONFECTIONERY,CHEWING GUMS,Ultra-processed foods
ORCHID VALLEY APPLE,FRESH/FRUIT JUICES - NO ADDED SUGAR,FRESH/FRUIT JUICES - NO ADDED SUGAR,Unprocessed/Minimally processed foods
ORCHID VALLEY DELIGHT APPLE,FRESH/FRUIT JUICES - NO ADDED SUGAR,FRESH/FRUIT JUICES - NO ADDED SUGAR,Unprocessed/Minimally processed foods
ORCHID VALLEY DELIGHT MANGO,FRESH/FRUIT JUICES - NO ADDED SUGAR,FRESH/FRUIT JUICES - NO ADDED SUGAR,Unprocessed/Minimally processed foods
ORCHID VALLEY DELIGHT ORANGE,FRESH/FRUIT JUICES - NO ADDED SUGAR,FRESH/FRUIT JUICES - NO ADDED SUGAR,Unprocessed/Minimally processed foods
ORCHID VALLEY DELIGHT PASSION,FRESH/FRUIT JUICES - NO ADDED SUGAR,FRESH/FRUIT JUICES - NO ADDED SUGAR,Unprocessed/Minimally processed foods
ORCHID VALLEY DELIGHT TROPICAL,FRESH/FRUIT JUICES - NO ADDED SUGAR,FRESH/FRUIT JUICES - NO ADDED SUGAR,Unprocessed/Minimally processed foods
ORCHID VALLEY MANGO,FRESH/FRUIT JUICES - NO ADDED SUGAR,FRESH/FRUIT JUICES - NO ADDED SUGAR,Unprocessed/Minimally processed foods
ORCHID VALLEY ORANGE,FRESH/FRUIT JUICES - NO ADDED SUGAR,FRESH/FRUIT JUICES - NO ADDED SUGAR,Unprocessed/Minimally processed foods
ORCHID VALLEY TROPICAL,FRESH/FRUIT JUICES - NO ADDED SUGAR,FRESH/FRUIT JUICES - NO ADDED SUGAR,Unprocessed/Minimally processed foods
OVALTINE,COCOA,COCOA AND MALT - SWEETENED WITH MILK,Ultra-processed foods
OX LIVER KITE,ORGAN MEAT,OX LIVER,Unprocessed/Minimally processed foods
OX TAIL KITE,ORGAN MEAT,OX TAIL,Unprocessed/Minimally processed foods
OYO MCHUZI MIX BEEF,SOUP FLAVOUR CUBES & MIXES,SOUP FLAVOUR BEEF MIXES,Ultra-processed foods
P K PEPPERMINT,CANDY AND CONFECTIONERY,CHEWING GUMS,Ultra-processed foods
PAPOL/PRO MRPP PISHORI RICE,CEREAL GRAINS,WHITE RICE,Unprocessed/Minimally processed foods
PAPRIKA DEEPA,HERBS AND SPICES,SPICES - PAPRIKA,Unprocessed/Minimally processed foods
PARADISE FUN CHOCOLATE BISCUIT,"COOKIES, BISCUITS AND WAFERS",BISCUITS,Ultra-processed foods
PARBOILED RICE,CEREAL GRAINS,PARBOILED RICE,Unprocessed/Minimally processed foods
PARL G GLUCOSE BISCUIT,"COOKIES, BISCUITS AND WAFERS",BISCUITS,Ultra-processed foods
PARL MILK POWER BISCUIT,"COOKIES, BISCUITS AND WAFERS",BISCUITS,Ultra-processed foods
PARL NICE BISCUIT,"COOKIES, BISCUITS AND WAFERS",BISCUITS,Ultra-processed foods
PARLE BISCUIT MILK POWER,"COOKIES, BISCUITS AND WAFERS",BISCUITS,Ultra-processed foods
PARLE BOURBON CHOCOLATE BISCUIT H & SEEK,"COOKIES, BISCUITS AND WAFERS",BISCUITS,Ultra-processed foods
PARLE MILK BISCUIT,"COOKIES, BISCUITS AND WAFERS",BISCUITS,Ultra-processed foods
PARLE NICE BISCUIT,"COOKIES, BISCUITS AND WAFERS",BISCUITS,Ultra-processed foods
PARLE S/BERRY BISCUIT HIDE & SEEK FAB,"COOKIES, BISCUITS AND WAFERS",BISCUITS,Ultra-processed foods
PEANUT ENP,SALTED/SUGARED NUTS,SALTED PEANUTS,Processed foods
PEANUT ROASTED & SALTED K/NUT,SALTED/SUGARED NUTS,SALTED PEANUTS,Processed foods
PEANUT/B NUTEEZ CHOCOLATE NUT,PEANUT BUTTER,PEANUT BUTTER,Ultra-processed foods
PEANUT/B NUTEEZ CRUNCHY,PEANUT BUTTER,PEANUT BUTTER,Ultra-processed foods
PEANUT/B NUTEEZ SMOOTH,PEANUT BUTTER,PEANUT BUTTER,Ultra-processed foods
PEANUTS MASALA BHAJIA DEEPA,SALTED/SUGARED NUTS,SALTED PEANUTS,Processed foods
PEARL GREEN GRAM POLISHED,"PULSES - PEAS, LENTILS, BEANS",GREEN GRAMS,Unprocessed/Minimally processed foods
PEARL IMPORTED POPCORN,POPCORN KERNELS,POPCORN KERNELS,Unprocessed/Minimally processed foods
PEARL NJAHI,"PULSES - PEAS, LENTILS, BEANS",BLACK BEANS (NJAHI),Unprocessed/Minimally processed foods
PEARL PISHORI RICE,CEREAL GRAINS,WHITE RICE,Unprocessed/Minimally processed foods
PEARL SUPER BASMATI RICE,CEREAL GRAINS,WHITE RICE,Unprocessed/Minimally processed foods
PEARL WHOLE MASOOR LARGE,"PULSES - PEAS, LENTILS, BEANS",LENTILS,Unprocessed/Minimally processed foods
PEMBE ATTA MARK,WHEAT FLOUR,WHEAT FLOUR - ATTA,Unprocessed/Minimally processed foods
PEMBE MAIZE,MAIZE/CORN FLOUR,MAIZE FLOUR,Unprocessed/Minimally processed foods
PEMBE PURE WIMBI,RED MILLET FLOUR,RED MILLET FLOUR,Unprocessed/Minimally processed foods
PEMBE UJI MIX,WHEAT FLOUR,WHEAT FLOUR,Unprocessed/Minimally processed foods
PEMBE WHEAT,WHEAT FLOUR,WHEAT FLOUR,Unprocessed/Minimally processed foods
PEP COCOPINE DRINK,DILUTING JUICE,SQUASHES,Ultra-processed foods
PEP MANGO DRINK,DILUTING JUICE,SQUASHES,Ultra-processed foods
PEP MIXED FRUIT DRINK,DILUTING JUICE,SQUASHES,Ultra-processed foods
PEP PASSION FRUIT CORDIAL,DILUTING JUICE,CORDIALS,Ultra-processed foods
PEP PINEAPPLE DRINK,DILUTING JUICE,CORDIALS,Ultra-processed foods
PEP SUPER LIME CORDIAL,DILUTING JUICE,CORDIALS,Ultra-processed foods
PEP SUPER ORANGE DRINK,DILUTING JUICE,CORDIALS,Ultra-processed foods
PEPTANG CHILLI SAUCE,TABLE SAUCES,CHILLI/HOT SAUCE,Ultra-processed foods
PEPTANG HOT & SWEET SAUCE,TABLE SAUCES,CHILLI/HOT SAUCE,Ultra-processed foods
PEPTANG HOT N SWEET SAUCE,TABLE SAUCES,CHILLI/HOT SAUCE,Ultra-processed foods
PEPTANG MIXED FRUIT JAM TIN,JAM/OTHER SPREADS,FRUIT JAM,Ultra-processed foods
PEPTANG MIXED FRUIT POWER,JAM/OTHER SPREADS,FRUIT JAM,Ultra-processed foods
PEPTANG ORANGE MARMADE,JAM/OTHER SPREADS,MARMALADE,Ultra-processed foods
PEPTANG ORANGE MARMALADE,JAM/OTHER SPREADS,MARMALADE,Ultra-processed foods
PEPTANG PINEAPPLE JAM,JAM/OTHER SPREADS,FRUIT JAM,Ultra-processed foods
PEPTANG RED PLUM JAM,JAM/OTHER SPREADS,FRUIT JAM,Ultra-processed foods
PEPTANG RED PLUM JAM TIN,JAM/OTHER SPREADS,FRUIT JAM,Ultra-processed foods
PEPTANG RED PLUM TIN (1M),JAM/OTHER SPREADS,FRUIT JAM,Ultra-processed foods
PEPTANG S-BERRY JAM,JAM/OTHER SPREADS,FRUIT JAM,Ultra-processed foods
PEPTANG TOMATO GARLIC,TABLE SAUCES,TOMATO SAUCE,Ultra-processed foods
PEPTANG TOMATO KETCHUP,TABLE SAUCES,TOMATO KETCHUP,Ultra-processed foods
PEPTANG TOMATO SAUCE,TABLE SAUCES,TOMATO SAUCE,Ultra-processed foods
PICK & N PEEL RED GRAPE,FRESH/FRUIT JUICES - NO ADDED SUGAR,FRESH/FRUIT JUICES - NO ADDED SUGAR,Unprocessed/Minimally processed foods
PICK & N PEEL WHITE GRAPE,FRESH/FRUIT JUICES - NO ADDED SUGAR,FRESH/FRUIT JUICES - NO ADDED SUGAR,Unprocessed/Minimally processed foods
PICK & PEEL APPLE,FRESH/FRUIT JUICES - NO ADDED SUGAR,FRESH/FRUIT JUICES - NO ADDED SUGAR,Unprocessed/Minimally processed foods
PICK & PEEL MANGO,FRESH/FRUIT JUICES - NO ADDED SUGAR,FRESH/FRUIT JUICES - NO ADDED SUGAR,Unprocessed/Minimally processed foods
PICK & PEEL ORANGE,FRESH/FRUIT JUICES - NO ADDED SUGAR,FRESH/FRUIT JUICES - NO ADDED SUGAR,Unprocessed/Minimally processed foods
PICK & PEEL PASSION,FRESH/FRUIT JUICES - NO ADDED SUGAR,FRESH/FRUIT JUICES - NO ADDED SUGAR,Unprocessed/Minimally processed foods
PICK & PEEL PINEAPPLE,FRESH/FRUIT JUICES - NO ADDED SUGAR,FRESH/FRUIT JUICES - NO ADDED SUGAR,Unprocessed/Minimally processed foods
PICK & PEEL TROPICAL MIX,FRESH/FRUIT JUICES - NO ADDED SUGAR,FRESH/FRUIT JUICES - NO ADDED SUGAR,Unprocessed/Minimally processed foods
PIKA COOKING FAT WHITE,COOKING FAT,VEGETABLE FAT,Processed Culinary Ingredients
PIKA COOKING FAT YELLOW,COOKING FAT,VEGETABLE FAT,Processed Culinary Ingredients
PIKA VEG OIL,COOKING OIL,VEGETABLE OIL,Processed Culinary Ingredients
PIKA VEG OIL 3TR,COOKING OIL,VEGETABLE OIL,Processed Culinary Ingredients
PIKA VEGE OIL,COOKING OIL,VEGETABLE OIL,Processed Culinary Ingredients
PILAU MASALA CHARSCO,HERBS AND SPICES,SPICES - PILAU MASALA,Unprocessed/Minimally processed foods
PILAU MASALA GROUND 100 DEEPA,HERBS AND SPICES,SPICES - PILAU MASALA,Unprocessed/Minimally processed foods
PILAU MASALA GROUND 50 DEEPA,HERBS AND SPICES,SPICES - PILAU MASALA,Unprocessed/Minimally processed foods
PILAU MASALA GROUND YANKEE,HERBS AND SPICES,SPICES - PILAU MASALA,Unprocessed/Minimally processed foods
PILAU MASALA WHOLE CHARSCO,HERBS AND SPICES,SPICES - PILAU MASALA,Unprocessed/Minimally processed foods
PILAU MIX CHARSCO,HERBS AND SPICES,SPICES - PILAU MIX,Unprocessed/Minimally processed foods
PIPPED COOKIES,"COOKIES, BISCUITS AND WAFERS",COOKIES,Ultra-processed foods
POPCO PURE VEGETABLE OIL,COOKING OIL,VEGETABLE OIL,Processed Culinary Ingredients
POPCORN FRESH & CRUNCHY,SWEET AND SAVOURY SNACKS,POPCORN,Ultra-processed foods
POPCORNS IMPORTED BUTTERFLY,POPCORN KERNELS,POPCORN KERNELS,Unprocessed/Minimally processed foods
PORK BRAWN F/CHOICE,PROCESSED MEAT,PORK BRAWN,Ultra-processed foods
PORK CHIPOLATAS F/CHOICE,PROCESSED MEAT,PORK SAUSAGES/SMOKIES/VIENNA,Ultra-processed foods
PORK SAUSAGE CLASSIC SAFARI F/CHOICE,PROCESSED MEAT,PORK SAUSAGES/SMOKIES/VIENNA,Ultra-processed foods
PORK SAUSAGE VALUE F/CHOICE,PROCESSED MEAT,PORK SAUSAGES/SMOKIES/VIENNA,Ultra-processed foods
POSTMAN COOKING OIL,COOKING OIL,VEGETABLE OIL,Processed Culinary Ingredients
POWER PLAY ENERGY DRINK,ENERGY DRINKS,ENERGY DRINKS,Ultra-processed foods
POWER-ADE MT BERRY BLAST,ENERGY DRINKS,ENERGY DRINKS,Ultra-processed foods
PRB SUPERIOR DARK SOY SAUCE,COOKING SAUCES,SOY SAUCE,Ultra-processed foods
PRB SUPERIOR LIGHT SOY SAUCE,COOKING SAUCES,SOY SAUCE,Ultra-processed foods
PREDATOR ENERGY DRINK,ENERGY DRINKS,ENERGY DRINKS,Ultra-processed foods
PRESTIGE ORIG SPREAD,MARGARINE,MARGARINE,Ultra-processed foods
PRESTIGE VANILLA SPREAD,MARGARINE,MARGARINE,Ultra-processed foods
PROYA CHUNKS,SOYA CHUNKS/MINCE,SOYA CHUNKS,Ultra-processed foods
PURE HEALTH HONEY,HONEY,HONEY,Processed Culinary Ingredients
PURE HEALTH TOTO AFYA,BABY FOODS - PORRIDGE FLOUR,BABY/INFANT PORRIDGE FLOUR,Unprocessed/Minimally processed foods
QUEEN CAKE,CUPCAKES/MUFFINS/QUEENCAKES,QUEENCAKES,Ultra-processed foods
QUEEN CAKE 1PC,CUPCAKES/MUFFINS/QUEENCAKES,CUPCAKES,Ultra-processed foods
QUEEN CAKE MILL BAKER,CUPCAKES/MUFFINS/QUEENCAKES,QUEENCAKES,Ultra-processed foods
QUEEN CAKE MILL BAKERS,CUPCAKES/MUFFINS/QUEENCAKES,QUEENCAKES,Ultra-processed foods
QUENCHER FITZO,DILUTING JUICE,CORDIALS,Ultra-processed foods
QUENCHER LEMON TREAT,DILUTING JUICE,CORDIALS,Ultra-processed foods
QUENCHER LIFE WATER,WATER,MINERAL WATER,Unprocessed/Minimally processed foods
QUENCHER LIFE WATER NON RTN,WATER,MINERAL WATER,Unprocessed/Minimally processed foods
QUENCHER LIFE WATER SIX,WATER,MINERAL WATER,Unprocessed/Minimally processed foods
QUENCHER ORANGE,DILUTING JUICE,CORDIALS,Ultra-processed foods
QUENCHER ORANGE CORDIAL,DILUTING JUICE,CORDIALS,Ultra-processed foods
QUENCHER PINEAPPLE,DILUTING JUICE,CORDIALS,Ultra-processed foods
QUENCHER PINEAPPLE CORDIAL,DILUTING JUICE,CORDIALS,Ultra-processed foods
QUENCHER RTD FIZTO N/CAP,DILUTING JUICE,CORDIALS,Ultra-processed foods
QUENCHER RTD FIZTO S/CAP,DILUTING JUICE,CORDIALS,Ultra-processed foods
QUENCHER RTD ORANGE JNR S/CAP,DILUTING JUICE,CORDIALS,Ultra-processed foods
QUENCHER RTD ORANGE N/CAP,DILUTING JUICE,CORDIALS,Ultra-processed foods
QUENCHER RTD P/PPLE N/CAP,DILUTING JUICE,CORDIALS,Ultra-processed foods
QUENCHER RTD TANGERINE N/CAP,DILUTING JUICE,CORDIALS,Ultra-processed foods
QUENCHER TANGERINE,DILUTING JUICE,CORDIALS,Ultra-processed foods
QUICK HEALTH HONEY,HONEY,HONEY,Processed Culinary Ingredients
QUICK HEALTH HONEY ROUND,HONEY,HONEY,Processed Culinary Ingredients
QUICK HEALTH HONEY SQUEEZE,HONEY,HONEY,Processed Culinary Ingredients
RAHA COCOA DRINK,COCOA,COCOA - UNSWEETENED WITHOUT MILK,Ultra-processed foods
RAHA DRINKING CHOCOLATE,COCOA,COCOA - SWEETENED WITHOUT MILK,Ultra-processed foods
RAISIN CHARSCO,DRIED FRUITS,RAISINS,Unprocessed/Minimally processed foods
RANEE CLASSIC BASMATI RICE,CEREAL GRAINS,WHITE RICE,Unprocessed/Minimally processed foods
RANEE EVERYDAY LONG GRAIN RICE,CEREAL GRAINS,WHITE RICE,Unprocessed/Minimally processed foods
RANEE PREMIUM SPAGHETTI,PASTAS,PASTA - SPAGHETTI,Unprocessed/Minimally processed foods
RANEE STANDARD SPAGHETTI,PASTAS,PASTA - SPAGHETTI,Unprocessed/Minimally processed foods
RCKL GALAXY CRISPY CHOCOLATE BAR,CHOCOLATE,CHOCOLATE BAR,Ultra-processed foods
RCKL SNICKERS STD SINGLE BAR,CHOCOLATE,CHOCOLATE BAR,Ultra-processed foods
RED BULL DRINK,ENERGY DRINKS,ENERGY DRINKS,Ultra-processed foods
RED VELVET CAKE (SLICE),CAKES,CAKES,Ultra-processed foods
RIBENA,FRUIT DRINKS/SWEETENED JUICES & BOTTLED TEAS,FRUIT DRINKS/SWEETENED JUICE,Ultra-processed foods
RIBENA RTD B/CURRANT,FRUIT DRINKS/SWEETENED JUICES & BOTTLED TEAS,FRUIT DRINKS/SWEETENED JUICE,Ultra-processed foods
RIBENA RTD ORIGINAL,FRUIT DRINKS/SWEETENED JUICES & BOTTLED TEAS,FRUIT DRINKS/SWEETENED JUICE,Ultra-processed foods
RIBENA RTD STRAWBERRY,FRUIT DRINKS/SWEETENED JUICES & BOTTLED TEAS,FRUIT DRINKS/SWEETENED JUICE,Ultra-processed foods
RICE LONG GRAIN,CEREAL GRAINS,WHITE RICE,Unprocessed/Minimally processed foods
RICH CAKES MILL BAKERS,MARBLE CAKES,MARBLE CAKES,Ultra-processed foods
RICH CHOCOLATE,MARBLE CAKES,MARBLE CAKES,Ultra-processed foods
RICO DESICCATED COCONUT POWDER,COOKING SAUCES,COCONUT POWDER,Ultra-processed foods
RICO TOMATO PASTE,TOMATO PASTE,TOMATO PASTE,Processed foods
RINA VEGE OIL,COOKING OIL,VEGETABLE OIL,Processed Culinary Ingredients
RINSUN COOKING OIL,COOKING OIL,VEGETABLE OIL,Processed Culinary Ingredients
ROASTED CASHEWNUT ENP,SALTED/SUGARED NUTS,SALTED CASHEW NUTS,Processed foods
ROASTED PEANUT W/OUT SKIN DEEPA,SALTED/SUGARED NUTS,SALTED PEANUTS,Processed foods
ROASTED UNPEELED PEANUT ENP,SALTED/SUGARED NUTS,SALTED PEANUTS,Processed foods
ROCK BAN,PASTRIES,PASTRIES - ROCK BUN,Ultra-processed foods
ROSEMARY LEAVES DEEPA,HERBS AND SPICES,HERBS - ROSEMARY,Unprocessed/Minimally processed foods
ROXY BLACK,FOOD COLOUR ADDITIVES,FOOD COLOUR ADDITIVES,Ultra-processed foods
ROYAL MACARONI RIGATONI PIPED,PASTAS,OTHER PASTA SHAPES,Unprocessed/Minimally processed foods
ROYAL UMB TUNA SHREDDED IN VEG TIN,PROCESSED FISH,CANNED TUNA,Processed foods
ROYALE GARDEN MAYONNAISE,TABLE SAUCES,MAYONNAISE,Ultra-processed foods
ROYCO BEEF CUBES 4GX40X24,SOUP FLAVOUR CUBES & MIXES,SOUP FLAVOUR BEEF CUBES,Ultra-processed foods
ROYCO BEEF ORIG,SOUP FLAVOUR CUBES & MIXES,SOUP FLAVOUR BEEF MIXES,Ultra-processed foods
ROYCO CUBES 4GX40 CHICKEN,SOUP FLAVOUR CUBES & MIXES,SOUP FLAVOUR CHICKEN CUBES,Ultra-processed foods
ROYCO M/MIX TOMATO GINGER & GARLIC,SOUP FLAVOUR CUBES & MIXES,SOUP FLAVOUR TOMATO GINGER & GARLIC MIXES,Ultra-processed foods
ROYCO MCHUZI MIX BEEF SAT,SOUP FLAVOUR CUBES & MIXES,SOUP FLAVOUR BEEF MIXES,Ultra-processed foods
ROYCO MCHUZI MIX CHICKEN SAT,SOUP FLAVOUR CUBES & MIXES,SOUP FLAVOUR CHICKEN MIXES,Ultra-processed foods
ROYS CHOCOLATE WITH S/BERRY CREAM,"COOKIES, BISCUITS AND WAFERS",WAFERS,Ultra-processed foods
ROYS CHOCOLATE WITH VANILLA CREAM,"COOKIES, BISCUITS AND WAFERS",WAFERS,Ultra-processed foods
SAFARI BEEF SAUSAGE F/CHOICE,PROCESSED MEAT,BEEF SAUSAGES/SMOKIES/VIENNA,Ultra-processed foods
SAFARI PUFF CHEESE T/HEAT,SWEET AND SAVOURY SNACKS,CORN PUFFS,Ultra-processed foods
SAFARI PUFF CHILLI LEMON T/HEAT,SWEET AND SAVOURY SNACKS,CORN PUFFS,Ultra-processed foods
SAFARILAND MILK POWDER TIN,MILK POWDER,WHOLE MILK POWDER,Unprocessed/Minimally processed foods
SALAD SEASONING T/HEAT,HERBS AND SPICES,SPICES - SALAD SEASONING,Unprocessed/Minimally processed foods
SALIT VEGETABLE OIL,COOKING OIL,VEGETABLE OIL,Processed Culinary Ingredients
SANREMO/ROYAL FUSELLI MACARO TWIST,PASTAS,OTHER PASTA SHAPES,Unprocessed/Minimally processed foods
SANREMO/ROYAL PENNE RIGATE MACAR PIPED,PASTAS,OTHER PASTA SHAPES,Unprocessed/Minimally processed foods
SANTA LUCIA MACORONI FARFALLE,PASTAS,OTHER PASTA SHAPES,Unprocessed/Minimally processed foods
SANTA LUCIA MACORONI PENNE RIGATE,PASTAS,OTHER PASTA SHAPES,Unprocessed/Minimally processed foods
SANTA LUCIA MACORONI SPIRALI,PASTAS,PASTA - MACARONI,Unprocessed/Minimally processed foods
SANTA MARIA GRANDI,PASTAS,PASTA - GRANDI,Unprocessed/Minimally processed foods
SANTA MARIA GRANDI MIXED VEG,PASTAS,PASTA - GRANDI,Unprocessed/Minimally processed foods
SANTA MARIA TOMATO PASTE,TOMATO PASTE,TOMATO PASTE,Processed foods
SASINI CHAI,TEA,TEA - UNSWEETENED WITHOUT MILK,Unprocessed/Minimally processed foods
SAVANAH COCOPINE,DILUTING JUICE,SQUASHES,Ultra-processed foods
SAVANAH LEMON,DILUTING JUICE,SQUASHES,Ultra-processed foods
SAVANAH MANGO JUICE,DILUTING JUICE,SQUASHES,Ultra-processed foods
SAVANAH ORANGE,DILUTING JUICE,SQUASHES,Ultra-processed foods
SAVANAH PINEAPPLE,DILUTING JUICE,SQUASHES,Ultra-processed foods
SAVANAH PUNCH,DILUTING JUICE,SQUASHES,Ultra-processed foods
SAVANAH TROPICAL,DILUTING JUICE,SQUASHES,Ultra-processed foods
SCONES 9PC,PASTRIES,PASTRIES - SCONES,Ultra-processed foods
SHIN ON BONE (OSUMBUKO) HUBERS KITE,RED MEAT,BEEF,Unprocessed/Minimally processed foods
SHIRIKI COFFEE CLASSIC TIN,COFFEE,COFFEE - UNSWEETENED WITHOUT MILK,Unprocessed/Minimally processed foods
SHUJAA MAIZE MEAL,MAIZE/CORN FLOUR,MAIZE FLOUR,Unprocessed/Minimally processed foods
SIM SIM CRUNCH FRESH N CR,CANDY AND CONFECTIONERY,SESAME/SIMSIM BAR,Ultra-processed foods
SIRI PILAU MASALA POWDER,HERBS AND SPICES,SPICES - PILAU MASALA,Unprocessed/Minimally processed foods
SISTER SPAGHETTI,PASTAS,PASTA - SPAGHETTI,Unprocessed/Minimally processed foods
SKYTEA LOOSE LEAVE,TEA,TEA - UNSWEETENED WITHOUT MILK,Unprocessed/Minimally processed foods
SNAK IT BIKIS CHEESE,SWEET AND SAVOURY SNACKS,CORN PUFFS,Ultra-processed foods
SNAK IT BIKIS PIZZA,SWEET AND SAVOURY SNACKS,CORN PUFFS,Ultra-processed foods
SNAK IT BIKIS SALTY,SWEET AND SAVOURY SNACKS,CORN PUFFS,Ultra-processed foods
SNAK IT CHEESE,SWEET AND SAVOURY SNACKS,CORN PUFFS,Ultra-processed foods
SNAK IT TOMATO,SWEET AND SAVOURY SNACKS,CORN PUFFS,Ultra-processed foods
SODA COKE,SODAS AND CARBONATED DRINKS,SODAS,Ultra-processed foods
SODA COKE ZERO,SODAS AND CARBONATED DRINKS,SODAS,Ultra-processed foods
SODA COKE ZERO SUGAR,SODAS AND CARBONATED DRINKS,SODAS,Ultra-processed foods
SODA FANTA B/CURRANT,SODAS AND CARBONATED DRINKS,SODAS,Ultra-processed foods
SODA FANTA BLACKCURRANT,SODAS AND CARBONATED DRINKS,SODAS,Ultra-processed foods
SODA FANTA ORANGE,SODAS AND CARBONATED DRINKS,SODAS,Ultra-processed foods
SODA FANTA PASSION,SODAS AND CARBONATED DRINKS,SODAS,Ultra-processed foods
SODA KREST/SCHWEPPES BITTER LEMON,SODAS AND CARBONATED DRINKS,SODAS,Ultra-processed foods
SODA PLANET PASSION P/APPLE,SODAS AND CARBONATED DRINKS,SODAS,Ultra-processed foods
SODA SCHWEPPES SODA WATER,SODAS AND CARBONATED DRINKS,SODAS,Ultra-processed foods
SODA SCHWEPPES/KREST BITTER LEMON,SODAS AND CARBONATED DRINKS,SODAS,Ultra-processed foods
SODA SPRITE,SODAS AND CARBONATED DRINKS,SODAS,Ultra-processed foods
SODA STONEY,SODAS AND CARBONATED DRINKS,SODAS,Ultra-processed foods
SODA STONEY ZERO,SODAS AND CARBONATED DRINKS,SODAS,Ultra-processed foods
SOKO ATTA MARK,WHEAT FLOUR,WHEAT FLOUR - ATTA,Unprocessed/Minimally processed foods
SOKO HOME BAKING,WHEAT FLOUR,WHEAT FLOUR,Unprocessed/Minimally processed foods
SOKO MAIZE MEAL,MAIZE/CORN FLOUR,MAIZE FLOUR,Unprocessed/Minimally processed foods
SOKO MAIZEMEAL,MAIZE/CORN FLOUR,MAIZE FLOUR,Unprocessed/Minimally processed foods
SOKO PURE WIMBI,RED MILLET FLOUR,RED MILLET FLOUR,Unprocessed/Minimally processed foods
SOKO UJI PURE WIMBI,RED MILLET FLOUR,RED MILLET FLOUR,Unprocessed/Minimally processed foods
SOKO UJI WIMBI MIX SOUR,RED MILLET FLOUR,RED MILLET FLOUR,Unprocessed/Minimally processed foods
SOKO WIMBI MIX,RED MILLET FLOUR,RED MILLET FLOUR,Unprocessed/Minimally processed foods
SOSSI CLASSIC CHUNKS,SOYA CHUNKS/MINCE,SOYA CHUNKS,Ultra-processed foods
SOSSI MINCE,SOYA CHUNKS/MINCE,SOYA MINCE,Ultra-processed foods
SOSSI MINCED,SOYA CHUNKS/MINCE,SOYA MINCE,Ultra-processed foods
SPAGHETT SANTA LUCIA,PASTAS,PASTA - SPAGHETTI,Unprocessed/Minimally processed foods
SPAGHETTI DAAWAT BLUE LABEL B2G1,PASTAS,PASTA - SPAGHETTI,Unprocessed/Minimally processed foods
SPAGHETTI SANTA MARIA,PASTAS,PASTA - SPAGHETTI,Unprocessed/Minimally processed foods
SPICY PORK SAUSAGE V/P F/C,PROCESSED MEAT,PORK SAUSAGES/SMOKIES/VIENNA,Ultra-processed foods
SPR PURE KENYA PISHORI RICE,CEREAL GRAINS,WHITE RICE,Unprocessed/Minimally processed foods
STANDARD MADEIRA MILL BAKERS,FRUIT DRINKS/SWEETENED JUICES & BOTTLED TEAS,FRUIT DRINKS/SWEETENED JUICE,Ultra-processed foods
SUES NATURAL SEA SALT,SALT,SEA SALT,Processed Culinary Ingredients
SUN GOLD,COOKING OIL,SUNFLOWER OIL,Processed Culinary Ingredients
SUNFRESH SAUCE,TABLE SAUCES,TOMATO SAUCE,Ultra-processed foods
SUNTOP BERRIES,FRUIT DRINKS/SWEETENED JUICES & BOTTLED TEAS,FRUIT DRINKS/SWEETENED JUICE,Ultra-processed foods
SUNTOP BLACK CURRANNT,FRUIT DRINKS/SWEETENED JUICES & BOTTLED TEAS,FRUIT DRINKS/SWEETENED JUICE,Ultra-processed foods
SUNTOP MANGO,FRUIT DRINKS/SWEETENED JUICES & BOTTLED TEAS,FRUIT DRINKS/SWEETENED JUICE,Ultra-processed foods
SUNTOP ORANGE,FRUIT DRINKS/SWEETENED JUICES & BOTTLED TEAS,FRUIT DRINKS/SWEETENED JUICE,Ultra-processed foods
SUPA LOAF BROWN BREAD,BREADS,BROWN BREAD,Ultra-processed foods
SUPA LOAF BUTTER TOAST,BREADS,WHITE BREAD,Ultra-processed foods
SUPA LOAF SANDWICH WHITE BREAD,BREADS,WHITE BREAD,Ultra-processed foods
SUPA LOAF WHITE BREAD,BREADS,WHITE BREAD,Ultra-processed foods
SWEET HEART CAKE,MARBLE CAKES,MARBLE CAKES,Ultra-processed foods
SWEETNUT PEANUT BUTTER CRUNCHY,PEANUT BUTTER,PEANUT BUTTER,Ultra-processed foods
SWEETNUT PEANUT BUTTER SMOOTH,PEANUT BUTTER,PEANUT BUTTER,Ultra-processed foods
T BONE KITE,RED MEAT,BEEF,Unprocessed/Minimally processed foods
TAMU WHITE BREAD,BREADS,WHITE BREAD,Ultra-processed foods
TANGAWIZI CHARSCO,HERBS AND SPICES,SPICES - GINGER,Unprocessed/Minimally processed foods
TANGAWIZI GROUND CHARSCO,HERBS AND SPICES,SPICES - GINGER,Unprocessed/Minimally processed foods
TEA MASALA CHARSCO,HERBS AND SPICES,SPICES - TEA MASALA,Unprocessed/Minimally processed foods
TEA MASALA DEEPA,HERBS AND SPICES,SPICES - TEA MASALA,Unprocessed/Minimally processed foods
TEA SCONES,PASTRIES,PASTRIES - SCONES,Ultra-processed foods
TIC TAC INTENSE MINT,CANDY AND CONFECTIONERY,SWEETS/CANDY,Ultra-processed foods
TIC TAC ORANGE,CANDY AND CONFECTIONERY,SWEETS/CANDY,Ultra-processed foods
TIC TAC STRAWBERRY MIX,CANDY AND CONFECTIONERY,SWEETS/CANDY,Ultra-processed foods
TIFFANY CREAM WAFERS CHOCOLATE,"COOKIES, BISCUITS AND WAFERS",WAFERS,Ultra-processed foods
TIFFANY CREAM WAFERS HAZELNUT,"COOKIES, BISCUITS AND WAFERS",WAFERS,Ultra-processed foods
TIFFANY CREAM WAFERS S/BERRY,"COOKIES, BISCUITS AND WAFERS",WAFERS,Ultra-processed foods
TIFFANY CREAM WAFERS VANILLA,"COOKIES, BISCUITS AND WAFERS",WAFERS,Ultra-processed foods
TIFFANY WAFER ORANGE CREAM,"COOKIES, BISCUITS AND WAFERS",WAFERS,Ultra-processed foods
TILY,COOKING FAT,VEGETABLE FAT,Processed Culinary Ingredients
TOP FRY VEGETABLE OIL,COOKING OIL,VEGETABLE OIL,Processed Culinary Ingredients
TREE TOP MANGO DILUTE TO TASTE,DILUTING JUICE,CORDIALS,Ultra-processed foods
TUNDA JUICE APPLE,FRUIT DRINKS/SWEETENED JUICES & BOTTLED TEAS,FRUIT DRINKS/SWEETENED JUICE,Ultra-processed foods
TUNDA JUICE TROPICAL,FRUIT DRINKS/SWEETENED JUICES & BOTTLED TEAS,FRUIT DRINKS/SWEETENED JUICE,Ultra-processed foods
TURMERIC GROUND DEEPA,HERBS AND SPICES,SPICES - TURMERIC,Unprocessed/Minimally processed foods
TURMERIC GROUND PKTS CHARSC0,HERBS AND SPICES,SPICES - TURMERIC,Unprocessed/Minimally processed foods
TUZO FRESH MILK,WHOLE MILK,FRESH MILK,Unprocessed/Minimally processed foods
TUZO FRESH MILK FINO,WHOLE MILK,FRESH MILK,Unprocessed/Minimally processed foods
TUZO LALA,NATURAL/PLAIN FERMENTED MILK,NATURAL/PLAIN FERMENTED MILK,Unprocessed/Minimally processed foods
TUZO YOGHURT VANILLA,FLAVOURED/FRUIT YOGHURT,FLAVOURED/FRUIT YOGHURT,Ultra-processed foods
TWIGA MAIZE MEAL,MAIZE/CORN FLOUR,MAIZE FLOUR,Unprocessed/Minimally processed foods
TWO TEN MAIZE MEAL,MAIZE/CORN FLOUR,MAIZE FLOUR,Unprocessed/Minimally processed foods
U H T LONG LIFE K C C,WHOLE MILK,LONG LIFE/UHT MILK,Unprocessed/Minimally processed foods
UDONGO CHARSCO,EDIBLE CLAY,EDIBLE CLAY,Unprocessed/Minimally processed foods
UFUTA COOKING OIL,COOKING OIL,VEGETABLE OIL,Processed Culinary Ingredients
URBAN BBQ STIX NORDA,SWEET AND SAVOURY SNACKS,CORN PUFFS,Ultra-processed foods
URBAN BITES CRISPS F/FRUIT CHUTNEY,SWEET AND SAVOURY SNACKS,POTATO CRISPS,Ultra-processed foods
URBAN BITES CRISPS FUNKY F CHUTNEY,SWEET AND SAVOURY SNACKS,POTATO CRISPS,Ultra-processed foods
URBAN BITES CRISPS PARTY PAPRIKA,SWEET AND SAVOURY SNACKS,POTATO CRISPS,Ultra-processed foods
URBAN BITES CRISPS SUMMER SALT,SWEET AND SAVOURY SNACKS,POTATO CRISPS,Ultra-processed foods
URBAN BITES CRISPS TREDY TOMATO,SWEET AND SAVOURY SNACKS,POTATO CRISPS,Ultra-processed foods
URBAN BITES NAIROBI NYAM CHOM,SWEET AND SAVOURY SNACKS,POTATO CRISPS,Ultra-processed foods
URBAN BITES NYAM CHOM,SWEET AND SAVOURY SNACKS,POTATO CRISPS,Ultra-processed foods
URBAN BITES TRENDY TOMATO,SWEET AND SAVOURY SNACKS,POTATO CRISPS,Ultra-processed foods
URBAN CHUTNEY STIX NORDA,SWEET AND SAVOURY SNACKS,CORN PUFFS,Ultra-processed foods
URBAN SWEET CHILLI STIX NORDA,SWEET AND SAVOURY SNACKS,CORN PUFFS,Ultra-processed foods
VIMTO SPARKLING DRINK,FRUIT DRINKS/SWEETENED JUICES & BOTTLED TEAS,FRUIT DRINKS/SWEETENED JUICE,Ultra-processed foods
VIRANI CURRY POWDER,HERBS AND SPICES,SPICES - CURRY POWDER,Unprocessed/Minimally processed foods
WABA MINERAL WATER 10LT,WATER,MINERAL WATER,Unprocessed/Minimally processed foods
WABA MINERAL WATER 20LT NON RETUNABLE,WATER,MINERAL WATER,Unprocessed/Minimally processed foods
WAVES CRISPS SALTED DEEPA,SWEET AND SAVOURY SNACKS,POTATO CRISPS,Ultra-processed foods
WEETABIX BANANA,BREAKFAST CEREALS,WHEAT BISCUIT CEREALS,Ultra-processed foods
WEETABIX CONFLAKES,BREAKFAST CEREALS,CORN FLAKE CEREALS,Ultra-processed foods
WEETABIX CORNFLAKES,BREAKFAST CEREALS,CORN FLAKE CEREALS,Ultra-processed foods
WEETABIX FAMILY,BREAKFAST CEREALS,WHEAT BISCUIT CEREALS,Ultra-processed foods
WEETABIX GIANT,BREAKFAST CEREALS,WHEAT BISCUIT CEREALS,Ultra-processed foods
WEETABIX SINGLE SERVE,BREAKFAST CEREALS,WHEAT BISCUIT CEREALS,Ultra-processed foods
WEETABIX SIX,BREAKFAST CEREALS,WHEAT BISCUIT CEREALS,Ultra-processed foods
WEETABIX STANDARD,BREAKFAST CEREALS,WHEAT BISCUIT CEREALS,Ultra-processed foods
WEETABIX VALUE,BREAKFAST CEREALS,WHEAT BISCUIT CEREALS,Ultra-processed foods
WEETABIX WEETOS,BREAKFAST CEREALS,WHEAT BISCUIT CEREALS,Ultra-processed foods
WHITE BREAD,BREADS,WHITE BREAD,Ultra-processed foods
WOW CHEESE N ONION,SWEET AND SAVOURY SNACKS,CORN PUFFS,Ultra-processed foods
WOW DRINKING CHOCOLATE SAT,COCOA,COCOA - SWEETENED WITHOUT MILK,Ultra-processed foods
WOW SALTED,SWEET AND SAVOURY SNACKS,CORN PUFFS,Ultra-processed foods
WOW SUGARED,SWEET AND SAVOURY SNACKS,CORN PUFFS,Ultra-processed foods
WOW TOMATO FLAV,SWEET AND SAVOURY SNACKS,CORN PUFFS,Ultra-processed foods
YANKEE COATED GROUNDNUTS,SALTED/SUGARED NUTS,SALTED GROUNDNUTS,Processed foods
YANKEE ROASTED CASHEWNUT,SALTED/SUGARED NUTS,SALTED CASHEW NUTS,Processed foods
YEGO DIGESTIVE BISCUIT,"COOKIES, BISCUITS AND WAFERS",BISCUITS,Ultra-processed foods
YEGO MARIE BISCUIT,"COOKIES, BISCUITS AND WAFERS",BISCUITS,Ultra-processed foods
YEGO MILK BISCUIT,"COOKIES, BISCUITS AND WAFERS",BISCUITS,Ultra-processed foods
YEGO NICE BISCUIT,"COOKIES, BISCUITS AND WAFERS",BISCUITS,Ultra-processed foods
YEGO SHORTCAKE BISCUIT,"COOKIES, BISCUITS AND WAFERS",BISCUITS,Ultra-processed foods
YELLO GOLD,COOKING FAT,VEGETABLE FAT,Processed Culinary Ingredients
YOGHURT BIO PEACH,FLAVOURED/FRUIT YOGHURT,FLAVOURED/FRUIT YOGHURT,Ultra-processed foods
YOGHURT BIO STRAWBERRY,FLAVOURED/FRUIT YOGHURT,FLAVOURED/FRUIT YOGHURT,Ultra-processed foods
YOGHURT BIO TROPICAL MIX,FLAVOURED/FRUIT YOGHURT,FLAVOURED/FRUIT YOGHURT,Ultra-processed foods
YOGHURT DAIMA B/CURRANT,FLAVOURED/FRUIT YOGHURT,FLAVOURED/FRUIT YOGHURT,Ultra-processed foods
YOGHURT DAIMA CHOCOLATE,FLAVOURED/FRUIT YOGHURT,FLAVOURED/FRUIT YOGHURT,Ultra-processed foods
YOGHURT DAIMA MANGO,FLAVOURED/FRUIT YOGHURT,FLAVOURED/FRUIT YOGHURT,Ultra-processed foods
YOGHURT DAIMA NATURAL,FLAVOURED/FRUIT YOGHURT,FLAVOURED/FRUIT YOGHURT,Ultra-processed foods
YOGHURT DAIMA STRAWBERRY,FLAVOURED/FRUIT YOGHURT,FLAVOURED/FRUIT YOGHURT,Ultra-processed foods
YOGHURT DAIMA VANILLA,FLAVOURED/FRUIT YOGHURT,FLAVOURED/FRUIT YOGHURT,Ultra-processed foods
YOGHURT DELITE COCONUT,FLAVOURED/FRUIT YOGHURT,FLAVOURED/FRUIT YOGHURT,Ultra-processed foods
YOGHURT DELITE S/BERRY,FLAVOURED/FRUIT YOGHURT,FLAVOURED/FRUIT YOGHURT,Ultra-processed foods
YOGHURT DELITE VANILLA,FLAVOURED/FRUIT YOGHURT,FLAVOURED/FRUIT YOGHURT,Ultra-processed foods
YOGHURT FRESHA S/BERRY,FLAVOURED/FRUIT YOGHURT,FLAVOURED/FRUIT YOGHURT,Ultra-processed foods
YOGHURT FRESHA STRAWBERRY,FLAVOURED/FRUIT YOGHURT,FLAVOURED/FRUIT YOGHURT,Ultra-processed foods
YOGHURT FRESHA VANILLA,FLAVOURED/FRUIT YOGHURT,FLAVOURED/FRUIT YOGHURT,Ultra-processed foods
YUMMY NATURAL PEANUT BUTTER,PEANUT BUTTER,PEANUT BUTTER,Ultra-processed foods
ZESTA BICARBONATE OF SODA,BAKING ADDITIVES,BAKING SODA,Ultra-processed foods
ZESTA CHILLI SAUCE,TABLE SAUCES,CHILLI/HOT SAUCE,Ultra-processed foods
ZESTA EGGLESS MAYONNAISE,TABLE SAUCES,MAYONNAISE,Ultra-processed foods
ZESTA HOT & SWEET SAUCE,TABLE SAUCES,CHILLI/HOT SAUCE,Ultra-processed foods
ZESTA ICING SUGAR BOX,SUGAR - POWDERED,ICING SUGAR,Processed Culinary Ingredients
ZESTA MIXED FRUIT JAM,JAM/OTHER SPREADS,FRUIT JAM,Ultra-processed foods
ZESTA NAT HONEY,HONEY,HONEY,Processed Culinary Ingredients
ZESTA ORANGE MARMALADE,JAM/OTHER SPREADS,MARMALADE,Ultra-processed foods
ZESTA PEANUT BUTTER SMOOTH,PEANUT BUTTER,PEANUT BUTTER,Ultra-processed foods
ZESTA RED PLUM JAM,JAM/OTHER SPREADS,FRUIT JAM,Ultra-processed foods
ZESTA STRAWBERRY JAM,JAM/OTHER SPREADS,FRUIT JAM,Ultra-processed foods
ZESTA TOMATO SAUCE,TABLE SAUCES,TOMATO SAUCE,Ultra-processed foods
ZESTA VINEGAR WHITE,TABLE SAUCES,VINEGAR,Ultra-processed foods
